scenario,policy,rounds,committed_tokens,wall_time_ms,bytes_mb_total,ppl_loss_total,hard_ends,hard_violations,catastrophes,measurement_count,fallback_count,measurement_time_ms,guard_time_ms,cache_level_sum,io_queue_sum,hidden_hard_count,debt_and_queue2_count,committed_tokens_per_second,ppl_loss_per_token,hard_violation_probability,catastrophe_per_token,bytes_per_token_mb,measurement_fraction,fallback_fraction,mean_cache_level,mean_io_queue,hidden_hard_fraction,debt_and_queue2_fraction,ppl_constraint_met,hard_constraint_met,catastrophe_constraint_met,ood_latched,replication,seed
calibrated,safe_exact_fixed,500.0,915.0,37228.28483108677,9138.37848716046,0.0,10.0,0.0,0.0,0.0,0.0,0.0,0.0,690.0,173.0,97.0,0.0,24.578086370391866,0.0,0.0,0.0,9.987298893071541,0.0,0.0,1.38,0.346,0.194,0.0,True,True,True,False,0,12012
calibrated,best_fixed,500.0,860.0,28782.594685359978,13341.578888958364,1.2431628283684757,16.0,1.0,0.0,0.0,0.0,0.0,0.0,761.0,636.0,164.0,4.0,29.879168622606205,0.0014455381725214833,0.0625,0.0,15.51346382437019,0.0,0.0,1.522,1.272,0.328,0.008,True,False,True,False,0,12012
calibrated,independent_thresholds,500.0,1296.0,46666.00576594236,11258.877237392559,0.6620600000000012,7.0,0.0,0.0,0.0,0.0,0.0,0.0,584.0,557.0,231.0,0.0,27.771821880368485,0.0005108487654320997,0.0,0.0,8.687405275765864,0.0,0.0,1.168,1.114,0.462,0.0,True,True,True,False,0,12012
calibrated,myopic_voi,500.0,1043.0,30674.464506009474,10901.158688707517,10.43299771923076,10.0,1.0,1.0,27.0,0.0,33.852464111209855,0.0,573.0,538.0,267.0,50.0,34.00222356923833,0.010002874131573117,0.1,0.0009587727708533077,10.451734121483717,0.054,0.0,1.146,1.076,0.534,0.1,False,False,False,False,0,12012
calibrated,primal_dual_joint,500.0,1354.0,38696.92048735843,12645.631815909812,4.665709229341739,7.0,0.0,0.0,0.0,0.0,0.0,0.0,821.0,379.0,161.0,27.0,34.989864385780436,0.003445870922704386,0.0,0.0,9.339462197865444,0.0,0.0,1.642,0.758,0.322,0.054,True,True,True,False,0,12012
calibrated,exact_joint,500.0,1317.0,35203.934207687955,9181.130968302301,1.471085008321019,19.0,0.0,0.0,38.0,0.0,47.135806143001666,0.0,936.0,201.0,161.0,0.0,37.41059144782713,0.001116996969112391,0.0,0.0,6.971245989599318,0.076,0.0,1.872,0.402,0.322,0.0,True,True,True,False,0,12012
calibrated,robust_safe_joint,500.0,1458.0,38881.378608271276,10238.445997650571,0.4528999999999998,9.0,0.0,0.0,40.0,103.0,50.103598417035535,90.0,935.0,182.0,111.0,0.0,37.49867037095846,0.000310631001371742,0.0,0.0,7.022253770679404,0.08,0.206,1.87,0.364,0.222,0.0,True,True,True,False,0,12012
distribution_shift,safe_exact_fixed,500.0,890.0,42454.36196127075,8592.645938963466,0.0,10.0,0.0,0.0,0.0,0.0,0.0,0.0,718.0,226.0,187.0,0.0,20.963688037801816,0.0,0.0,0.0,9.654658358385916,0.0,0.0,1.436,0.452,0.374,0.0,True,True,True,False,0,12012
distribution_shift,best_fixed,500.0,825.0,33972.5927189255,13517.13974534966,4.1395762070414905,11.0,3.0,0.0,0.0,0.0,0.0,0.0,707.0,710.0,221.0,33.0,24.28428135661273,0.005017668129747261,0.2727272727272727,0.0,16.384411812545043,0.0,0.0,1.414,1.42,0.442,0.066,False,False,True,False,0,12012
distribution_shift,independent_thresholds,500.0,1198.0,52745.6409823712,11429.335863870603,6.085959176405761,17.0,1.0,0.0,0.0,0.0,0.0,0.0,606.0,531.0,285.0,27.0,22.712777353495408,0.005080099479470585,0.058823529411764705,0.0,9.540347131778466,0.0,0.0,1.212,1.062,0.57,0.054,False,False,True,False,0,12012
distribution_shift,myopic_voi,500.0,1014.0,34971.340789535,10974.722821127863,15.534715865080292,8.0,2.0,1.0,26.0,0.0,38.22019138218168,0.0,620.0,526.0,302.0,55.0,28.995170820085754,0.015320232608560446,0.25,0.0009861932938856016,10.82319804844957,0.052,0.0,1.24,1.052,0.604,0.11,False,False,False,False,0,12012
distribution_shift,primal_dual_joint,500.0,1251.0,48548.10928506481,13676.32480689706,4.855704182691753,10.0,1.0,0.0,0.0,0.0,0.0,0.0,760.0,476.0,267.0,18.0,25.768253767708597,0.003881458179609714,0.1,0.0,10.932313994322191,0.0,0.0,1.52,0.952,0.534,0.036,True,False,True,False,0,12012
distribution_shift,exact_joint,500.0,1163.0,37865.93250847102,8376.608726368784,3.940477190344601,15.0,0.0,0.0,76.0,0.0,110.21698309358392,0.0,936.0,283.0,237.0,6.0,30.71362364415096,0.003388200507604988,0.0,0.0,7.202587039010132,0.152,0.0,1.872,0.566,0.474,0.012,True,True,True,False,0,12012
distribution_shift,robust_safe_joint,500.0,1184.0,41885.36258627132,9582.314973738532,1.6101181652726688,10.0,0.0,0.0,69.0,187.0,99.65396961598562,90.0,889.0,209.0,225.0,0.0,28.267631623369954,0.0013598970990478622,0.0,0.0,8.093171430522409,0.138,0.374,1.778,0.418,0.45,0.0,True,True,True,False,0,12012
interaction_trap,safe_exact_fixed,500.0,899.0,38810.22855537633,9421.875133465168,0.0,14.0,0.0,0.0,0.0,0.0,0.0,0.0,653.0,218.0,128.0,0.0,23.163996540686764,0.0,0.0,0.0,10.480395031663146,0.0,0.0,1.306,0.436,0.256,0.0,True,True,True,False,0,12012
interaction_trap,best_fixed,500.0,858.0,29731.489777714636,13187.467601594768,1.9655212640906725,10.0,0.0,0.0,0.0,0.0,0.0,0.0,794.0,686.0,157.0,17.0,28.85829154256231,0.0022908173241150027,0.0,0.0,15.370008859667562,0.0,0.0,1.588,1.372,0.314,0.034,True,True,True,False,0,12012
interaction_trap,independent_thresholds,500.0,1215.0,52866.5636538465,10532.481889289234,3.4773637336736556,10.0,1.0,0.0,0.0,0.0,0.0,0.0,662.0,511.0,259.0,10.0,22.98239030543833,0.0028620277643404573,0.1,0.0,8.668709373900604,0.0,0.0,1.324,1.022,0.518,0.02,True,False,True,False,0,12012
interaction_trap,myopic_voi,500.0,966.0,30506.408811489124,9865.22509689046,43.16360948276103,7.0,3.0,2.0,8.0,0.0,10.24955241660001,0.0,511.0,508.0,348.0,51.0,31.665477440143377,0.044682825551512456,0.42857142857142855,0.002070393374741201,10.212448340466313,0.016,0.0,1.022,1.016,0.696,0.102,False,False,False,False,0,12012
interaction_trap,primal_dual_joint,500.0,1464.0,57420.095031405865,13320.544154987689,3.4990456313407576,14.0,0.0,1.0,0.0,0.0,0.0,0.0,893.0,487.0,197.0,23.0,25.496300540764807,0.0023900584913529766,0.0,0.0006830601092896175,9.098732346303066,0.0,0.0,1.786,0.974,0.394,0.046,True,True,False,False,0,12012
interaction_trap,exact_joint,500.0,1287.0,35586.247197580065,8884.359385176704,1.7996776768403058,10.0,0.0,0.0,39.0,0.0,50.26405943352046,0.0,936.0,215.0,189.0,1.0,36.16565671716906,0.0013983509532558708,0.0,0.0,6.903154145436444,0.078,0.0,1.872,0.43,0.378,0.002,True,True,True,False,0,12012
interaction_trap,robust_safe_joint,500.0,1229.0,38451.03072428581,10352.198124943932,0.38677999999999985,6.0,0.0,0.0,37.0,144.0,47.57156529040529,90.0,826.0,287.0,184.0,0.0,31.96273225580294,0.00031471114727420657,0.0,0.0,8.423269426317276,0.074,0.288,1.652,0.574,0.368,0.0,True,True,True,False,0,12012
calibrated,safe_exact_fixed,500.0,913.0,37665.41628407516,9017.33209703634,0.0,12.0,0.0,0.0,0.0,0.0,0.0,0.0,712.0,211.0,65.0,0.0,24.239742715548164,0.0,0.0,0.0,9.87659594418,0.0,0.0,1.424,0.422,0.13,0.0,True,True,True,False,1,112015
calibrated,best_fixed,500.0,836.0,28630.56145484011,13201.405539935286,1.4999761693047073,11.0,1.0,0.0,0.0,0.0,0.0,0.0,779.0,691.0,182.0,19.0,29.199567089127793,0.0017942298675893628,0.09090909090909091,0.0,15.7911549520757,0.0,0.0,1.558,1.382,0.364,0.038,True,False,True,False,1,112015
calibrated,independent_thresholds,500.0,1453.0,52367.410251725385,12576.109521330069,1.1670568175388625,12.0,0.0,0.0,0.0,0.0,0.0,0.0,521.0,571.0,138.0,5.0,27.74626419400083,0.0008032049673357622,0.0,0.0,8.655271521906448,0.0,0.0,1.042,1.142,0.276,0.01,True,True,True,False,1,112015
calibrated,myopic_voi,500.0,1071.0,30616.771983880186,10843.585026940993,8.80057810853028,9.0,1.0,0.0,16.0,0.0,20.151266500823535,0.0,625.0,542.0,279.0,24.0,34.9808268671787,0.008217159765201008,0.1111111111111111,0.0,10.124729250178332,0.032,0.0,1.25,1.084,0.558,0.048,False,False,True,False,1,112015
calibrated,primal_dual_joint,500.0,1292.0,38606.862576053,12795.783646776981,4.1623911159589975,9.0,1.0,0.0,0.0,0.0,0.0,0.0,761.0,425.0,180.0,17.0,33.46555285229004,0.0032216649504326605,0.1111111111111111,0.0,9.90385731174689,0.0,0.0,1.522,0.85,0.36,0.034,True,False,True,False,1,112015
calibrated,exact_joint,500.0,1314.0,34928.02161360469,8712.840591744654,2.2735785312674137,7.0,0.0,0.0,41.0,0.0,51.48259213424234,0.0,972.0,151.0,168.0,2.0,37.62022408644493,0.0017302728548458247,0.0,0.0,6.63077670604616,0.082,0.0,1.944,0.302,0.336,0.004,True,True,True,False,1,112015
calibrated,robust_safe_joint,500.0,1322.0,37927.94945651705,10468.125098726245,0.4165599999999997,12.0,0.0,0.0,43.0,111.0,53.52369281005213,90.0,880.0,197.0,134.0,0.0,34.85556216308563,0.00031509833585476526,0.0,0.0,7.91840022596539,0.086,0.222,1.76,0.394,0.268,0.0,True,True,True,False,1,112015
distribution_shift,safe_exact_fixed,500.0,899.0,41747.74995268909,8004.409680649549,0.0,16.0,0.0,0.0,0.0,0.0,0.0,0.0,806.0,258.0,162.0,0.0,21.534094676211236,0.0,0.0,0.0,8.903681513514515,0.0,0.0,1.612,0.516,0.324,0.0,True,True,True,False,1,112015
distribution_shift,best_fixed,500.0,810.0,33385.91701834873,13422.02692846154,2.6349132547619427,14.0,0.0,0.0,0.0,0.0,0.0,0.0,727.0,682.0,210.0,15.0,24.261726869890325,0.003252979326866596,0.0,0.0,16.570403615384617,0.0,0.0,1.454,1.364,0.42,0.03,True,True,True,False,1,112015
distribution_shift,independent_thresholds,500.0,1320.0,56039.53313817946,11678.254223974292,5.604538362139665,9.0,2.0,1.0,0.0,0.0,0.0,0.0,602.0,551.0,228.0,23.0,23.554800086310685,0.004245862395560352,0.2222222222222222,0.0007575757575757576,8.847162290889615,0.0,0.0,1.204,1.102,0.456,0.046,True,False,False,False,1,112015
distribution_shift,myopic_voi,500.0,967.0,33108.07281240581,10401.600715015633,20.21963540931967,8.0,3.0,0.0,30.0,0.0,43.4871779907104,0.0,567.0,517.0,353.0,68.0,29.207378076009874,0.020909653991023444,0.375,0.0,10.756567440553912,0.06,0.0,1.134,1.034,0.706,0.136,False,False,True,False,1,112015
distribution_shift,primal_dual_joint,500.0,1289.0,48511.057246661134,13616.613954739014,6.044253048107738,15.0,0.0,0.0,0.0,0.0,0.0,0.0,834.0,418.0,244.0,16.0,26.571261752674292,0.0046891024422868405,0.0,0.0,10.563703611124138,0.0,0.0,1.668,0.836,0.488,0.032,False,True,True,False,1,112015
distribution_shift,exact_joint,500.0,1122.0,37620.891978172134,8981.49895572489,4.493360160765704,12.0,1.0,1.0,83.0,0.0,120.02101689641005,0.0,867.0,304.0,248.0,12.0,29.82385427360391,0.004004777326885654,0.08333333333333333,0.00089126559714795,8.004901030057834,0.166,0.0,1.734,0.608,0.496,0.024,True,False,False,False,1,112015
distribution_shift,robust_safe_joint,500.0,1138.0,42244.37190948989,10312.77028134634,1.4284782375835128,10.0,0.0,0.0,67.0,213.0,97.25707175097361,90.0,768.0,275.0,252.0,6.0,26.938499699751876,0.0012552532843440357,0.0,0.0,9.062188296437908,0.134,0.426,1.536,0.55,0.504,0.012,True,True,True,False,1,112015
interaction_trap,safe_exact_fixed,500.0,898.0,37974.746896261844,8907.438892518754,0.0,8.0,0.0,0.0,0.0,0.0,0.0,0.0,706.0,250.0,138.0,0.0,23.647293883304258,0.0,0.0,0.0,9.919196984987476,0.0,0.0,1.412,0.5,0.276,0.0,True,True,True,False,1,112015
interaction_trap,best_fixed,500.0,859.0,30127.071439407046,13432.80080236696,2.696533637358283,12.0,0.0,0.0,0.0,0.0,0.0,0.0,741.0,715.0,183.0,10.0,28.512562255765893,0.0031391544090317615,0.0,0.0,15.637719211137323,0.0,0.0,1.482,1.43,0.366,0.02,True,True,True,False,1,112015
interaction_trap,independent_thresholds,500.0,1353.0,52502.89854793431,10152.982910888433,5.18902146428925,6.0,2.0,2.0,0.0,0.0,0.0,0.0,760.0,466.0,214.0,23.0,25.770005798150983,0.003835196943303215,0.3333333333333333,0.0014781966001478197,7.504052410117097,0.0,0.0,1.52,0.932,0.428,0.046,True,False,False,False,1,112015
interaction_trap,myopic_voi,500.0,1077.0,33398.156177564975,11058.614294231142,33.44039854291182,6.0,1.0,1.0,15.0,0.0,19.344835945894168,0.0,621.0,548.0,266.0,62.0,32.24728916991737,0.031049580819788137,0.16666666666666666,0.0009285051067780873,10.267979846082769,0.03,0.0,1.242,1.096,0.532,0.124,False,False,False,False,1,112015
interaction_trap,primal_dual_joint,500.0,1345.0,46584.5015679391,12986.651788166755,5.872920943974367,5.0,1.0,0.0,0.0,0.0,0.0,0.0,854.0,467.0,209.0,39.0,28.872263408001572,0.004366483973215143,0.2,0.0,9.65550318822807,0.0,0.0,1.708,0.934,0.418,0.078,True,False,True,False,1,112015
interaction_trap,exact_joint,500.0,1301.0,36026.334082208145,9205.995435685149,1.8426562592158149,8.0,1.0,0.0,36.0,0.0,46.391139354650676,0.0,932.0,163.0,162.0,0.0,36.11247253276619,0.0014163384006270676,0.125,0.0,7.076091802986278,0.072,0.0,1.864,0.326,0.324,0.0,True,False,True,False,1,112015
interaction_trap,robust_safe_joint,500.0,1306.0,38851.82405695873,10221.424027329718,0.4026,11.0,0.0,0.0,43.0,130.0,55.41597687724404,90.0,882.0,201.0,153.0,0.0,33.61489535434265,0.0003082695252679939,0.0,0.0,7.826511506378038,0.086,0.26,1.764,0.402,0.306,0.0,True,True,True,False,1,112015
calibrated,safe_exact_fixed,500.0,906.0,36838.477053141076,8521.58631250249,0.0,17.0,0.0,0.0,0.0,0.0,0.0,0.0,738.0,217.0,116.0,0.0,24.593850573492936,0.0,0.0,0.0,9.40572440673564,0.0,0.0,1.476,0.434,0.232,0.0,True,True,True,False,2,212018
calibrated,best_fixed,500.0,872.0,28828.240463363545,13038.248266965036,0.3832000000000026,14.0,0.0,0.0,0.0,0.0,0.0,0.0,819.0,622.0,90.0,0.0,30.24811733162084,0.00043944954128440663,0.0,0.0,14.95211957220761,0.0,0.0,1.638,1.244,0.18,0.0,True,True,True,False,2,212018
calibrated,independent_thresholds,500.0,1369.0,50039.47794574751,11806.120145939716,1.0159128358009586,8.0,0.0,0.0,0.0,0.0,0.0,0.0,562.0,581.0,157.0,0.0,27.3583989322243,0.0007420838829809778,0.0,0.0,8.623900764017323,0.0,0.0,1.124,1.162,0.314,0.0,True,True,True,False,2,212018
calibrated,myopic_voi,500.0,1130.0,31427.403564687233,11139.633642781917,10.209582910937858,7.0,1.0,0.0,21.0,0.0,26.313946748064414,0.0,689.0,490.0,256.0,43.0,35.95588155012913,0.009035029124723768,0.14285714285714285,0.0,9.85808286971851,0.042,0.0,1.378,0.98,0.512,0.086,False,False,True,False,2,212018
calibrated,primal_dual_joint,500.0,1217.0,37154.88728221651,12437.767695557517,4.112990134460583,21.0,0.0,0.0,0.0,0.0,0.0,0.0,703.0,461.0,186.0,11.0,32.7547757245517,0.0033796139149224183,0.0,0.0,10.220022757237073,0.0,0.0,1.406,0.922,0.372,0.022,True,True,True,False,2,212018
calibrated,exact_joint,500.0,1356.0,36349.680970810645,9986.800257808913,1.654319889005071,10.0,0.0,0.0,44.0,0.0,55.10847508061561,0.0,914.0,189.0,123.0,2.0,37.304316400710334,0.0012199999181453326,0.0,0.0,7.364896945286809,0.088,0.0,1.828,0.378,0.246,0.004,True,True,True,False,2,212018
calibrated,robust_safe_joint,500.0,1323.0,38010.028030012094,10515.829799207024,0.3873199999999999,6.0,0.0,0.0,39.0,119.0,48.7073105135725,90.0,871.0,215.0,121.0,0.0,34.80660416654734,0.0002927588813303098,0.0,0.0,7.948473015273638,0.078,0.238,1.742,0.43,0.242,0.0,True,True,True,False,2,212018
distribution_shift,safe_exact_fixed,500.0,892.0,42055.20348624942,8223.247996966535,0.0,12.0,0.0,0.0,0.0,0.0,0.0,0.0,769.0,269.0,173.0,0.0,21.21021719206882,0.0,0.0,0.0,9.218887888975935,0.0,0.0,1.538,0.538,0.346,0.0,True,True,True,False,2,212018
distribution_shift,best_fixed,500.0,822.0,33411.04022350353,13567.02396047698,1.3532427726426899,10.0,1.0,0.0,0.0,0.0,0.0,0.0,699.0,664.0,239.0,2.0,24.602646146340305,0.0016462807453074086,0.1,0.0,16.50489532904742,0.0,0.0,1.398,1.328,0.478,0.004,True,False,True,False,2,212018
distribution_shift,independent_thresholds,500.0,1177.0,54560.76009789719,11917.562595947915,3.159258812946682,12.0,0.0,0.0,0.0,0.0,0.0,0.0,508.0,596.0,274.0,11.0,21.57228011281614,0.0026841621180515563,0.0,0.0,10.125371789250565,0.0,0.0,1.016,1.192,0.548,0.022,True,True,True,False,2,212018
distribution_shift,myopic_voi,500.0,948.0,33592.64779269793,10095.73117599593,15.412626464342685,6.0,5.0,3.0,37.0,0.0,53.923584497719354,0.0,567.0,583.0,325.0,59.0,28.220460793985637,0.016258044793610427,0.8333333333333334,0.0031645569620253164,10.64950545991132,0.074,0.0,1.134,1.166,0.65,0.118,False,False,False,False,2,212018
distribution_shift,primal_dual_joint,500.0,1227.0,46376.06929805008,12966.284895042454,5.202936828911412,13.0,2.0,0.0,0.0,0.0,0.0,0.0,805.0,415.0,253.0,16.0,26.457610974192463,0.004240372313701232,0.15384615384615385,0.0,10.56746935211284,0.0,0.0,1.61,0.83,0.506,0.032,True,False,True,False,2,212018
distribution_shift,exact_joint,500.0,1205.0,38555.062199079104,8716.772352740272,3.286225878820846,6.0,0.0,0.0,93.0,0.0,134.0306580375,0.0,933.0,215.0,213.0,4.0,31.254002231353727,0.002727158405660453,0.0,0.0,7.23383597737782,0.186,0.0,1.866,0.43,0.426,0.008,True,True,True,False,2,212018
distribution_shift,robust_safe_joint,500.0,1086.0,41601.39467136906,9735.861678690784,2.706863793017785,7.0,0.0,0.0,88.0,230.0,127.97172602790663,90.0,831.0,270.0,206.0,7.0,26.104894044511628,0.0024925080967014594,0.0,0.0,8.964881840415087,0.176,0.46,1.662,0.54,0.412,0.014,True,True,True,False,2,212018
interaction_trap,safe_exact_fixed,500.0,893.0,37664.43785568835,8545.476212343574,0.0,11.0,0.0,0.0,0.0,0.0,0.0,0.0,741.0,193.0,131.0,0.0,23.7093675318224,0.0,0.0,0.0,9.569402253464249,0.0,0.0,1.482,0.386,0.262,0.0,True,True,True,False,2,212018
interaction_trap,best_fixed,500.0,845.0,29615.723247609756,13185.40723918659,0.584800000000001,7.0,0.0,0.0,0.0,0.0,0.0,0.0,792.0,709.0,168.0,0.0,28.532141286409367,0.0006920710059171609,0.0,0.0,15.604032235723775,0.0,0.0,1.584,1.418,0.336,0.0,True,True,True,False,2,212018
interaction_trap,independent_thresholds,500.0,1247.0,52761.71273170541,10929.39538333179,3.713990892374297,16.0,1.0,0.0,0.0,0.0,0.0,0.0,661.0,431.0,251.0,11.0,23.634562553740917,0.0029783407316554106,0.0625,0.0,8.764551229616512,0.0,0.0,1.322,0.862,0.502,0.022,True,False,True,False,2,212018
interaction_trap,myopic_voi,500.0,909.0,29746.659449702238,10162.496133941993,47.50767911514639,11.0,4.0,3.0,7.0,0.0,8.834778338492873,0.0,561.0,498.0,364.0,86.0,30.558053133226664,0.052263673394000426,0.36363636363636365,0.0033003300330033004,11.179863733709563,0.014,0.0,1.122,0.996,0.728,0.172,False,False,False,False,2,212018
interaction_trap,primal_dual_joint,500.0,1421.0,43840.69596555003,13358.975303795516,5.2915791841078095,13.0,1.0,0.0,0.0,0.0,0.0,0.0,875.0,405.0,195.0,15.0,32.41280661047489,0.003723841790364398,0.07692307692307693,0.0,9.401108588174184,0.0,0.0,1.75,0.81,0.39,0.03,True,False,True,False,2,212018
interaction_trap,exact_joint,500.0,1302.0,36102.80564524819,9120.217422746999,2.8281194157569387,16.0,0.0,0.0,43.0,0.0,55.65207451359162,0.0,922.0,229.0,180.0,0.0,36.063679172019356,0.002172134727923916,0.0,0.0,7.004775286288018,0.086,0.0,1.844,0.458,0.36,0.0,True,True,True,False,2,212018
interaction_trap,robust_safe_joint,500.0,1331.0,39008.38246528771,10150.156095473916,0.9776506045359895,3.0,1.0,0.0,21.0,134.0,27.160051185088832,90.0,922.0,180.0,149.0,0.0,34.12087135846798,0.0007345233692982641,0.3333333333333333,0.0,7.6259625059909215,0.042,0.268,1.844,0.36,0.298,0.0,True,False,True,False,2,212018
calibrated,safe_exact_fixed,500.0,907.0,37251.09377219122,8859.942743946976,0.0,3.0,0.0,0.0,0.0,0.0,0.0,0.0,714.0,204.0,81.0,0.0,24.348278349805017,0.0,0.0,0.0,9.768404348342862,0.0,0.0,1.428,0.408,0.162,0.0,True,True,True,False,3,312021
calibrated,best_fixed,500.0,869.0,29232.20648514405,13355.903545767178,0.5266000000000024,8.0,0.0,0.0,0.0,0.0,0.0,0.0,764.0,674.0,138.0,0.0,29.727485690881053,0.000605983889528196,0.0,0.0,15.369279109053139,0.0,0.0,1.528,1.348,0.276,0.0,True,True,True,False,3,312021
calibrated,independent_thresholds,500.0,1373.0,49337.36419504383,12089.456401357373,1.2158691349928625,13.0,0.0,0.0,0.0,0.0,0.0,0.0,558.0,596.0,184.0,15.0,27.828807282289397,0.0008855565440588947,0.0,0.0,8.80513940375628,0.0,0.0,1.116,1.192,0.368,0.03,True,True,True,False,3,312021
calibrated,myopic_voi,500.0,1123.0,32402.86170284417,11027.832454508913,8.703887090988827,7.0,2.0,1.0,10.0,0.0,12.47679095758091,0.0,643.0,596.0,226.0,32.0,34.65743273846175,0.007750567311655234,0.2857142857142857,0.0008904719501335708,9.819975471512834,0.02,0.0,1.286,1.192,0.452,0.064,False,False,False,False,3,312021
calibrated,primal_dual_joint,500.0,1392.0,38318.395269733366,12160.406106598697,4.812031074994334,6.0,1.0,0.0,0.0,0.0,0.0,0.0,911.0,361.0,171.0,11.0,36.327199774451465,0.0034569188757143203,0.16666666666666666,0.0,8.735923927154236,0.0,0.0,1.822,0.722,0.342,0.022,True,False,True,False,3,312021
calibrated,exact_joint,500.0,1388.0,36459.39693072486,9990.259830623974,2.71519806522999,14.0,0.0,0.0,38.0,0.0,47.670813176851965,0.0,921.0,167.0,124.0,2.0,38.06974653577751,0.001956194571491347,0.0,0.0,7.1975935379135265,0.076,0.0,1.842,0.334,0.248,0.004,True,True,True,False,3,312021
calibrated,robust_safe_joint,500.0,1325.0,37681.44767031483,10450.414810029317,0.4156799999999997,6.0,0.0,0.0,41.0,117.0,51.10647030528604,90.0,880.0,224.0,139.0,0.0,35.16319255015845,0.00031372075471698094,0.0,0.0,7.887105517003258,0.082,0.234,1.76,0.448,0.278,0.0,True,True,True,False,3,312021
distribution_shift,safe_exact_fixed,500.0,889.0,43538.94502651102,9084.265345533953,0.0,12.0,0.0,0.0,0.0,0.0,0.0,0.0,680.0,219.0,156.0,0.0,20.418501170818097,0.0,0.0,0.0,10.218521198575875,0.0,0.0,1.36,0.438,0.312,0.0,True,True,True,False,3,312021
distribution_shift,best_fixed,500.0,831.0,32297.400229166047,12977.832552572778,2.382095527463,9.0,0.0,0.0,0.0,0.0,0.0,0.0,830.0,670.0,222.0,5.0,25.72962511235095,0.002866540947608905,0.0,0.0,15.617127018739804,0.0,0.0,1.66,1.34,0.444,0.01,True,True,True,False,3,312021
distribution_shift,independent_thresholds,500.0,1170.0,51774.58988130138,10866.489307761729,5.8722561615585125,8.0,0.0,0.0,0.0,0.0,0.0,0.0,650.0,527.0,274.0,28.0,22.597957853115716,0.005019022360306421,0.0,0.0,9.28759769894165,0.0,0.0,1.3,1.054,0.548,0.056,False,True,True,False,3,312021
distribution_shift,myopic_voi,500.0,929.0,32203.27239023669,10376.200578276043,18.23720133906666,10.0,3.0,1.0,27.0,0.0,39.32708186773541,0.0,536.0,495.0,343.0,37.0,28.847999940579083,0.01963100251783279,0.3,0.001076426264800861,11.169214831298216,0.054,0.0,1.072,0.99,0.686,0.074,False,False,False,False,3,312021
distribution_shift,primal_dual_joint,500.0,1245.0,50107.61232319382,14053.203825385044,5.650242783615423,11.0,1.0,0.0,0.0,0.0,0.0,0.0,768.0,473.0,284.0,33.0,24.846524156245103,0.004538347617361786,0.09090909090909091,0.0,11.287713915971922,0.0,0.0,1.536,0.946,0.568,0.066,False,False,True,False,3,312021
distribution_shift,exact_joint,500.0,1192.0,37472.54184164443,8317.588798398825,5.558243942110206,11.0,0.0,0.0,80.0,0.0,116.99758015738993,0.0,932.0,253.0,259.0,8.0,31.80995847672368,0.004662956327273662,0.0,0.0,6.977842951676867,0.16,0.0,1.864,0.506,0.518,0.016,False,True,True,False,3,312021
distribution_shift,robust_safe_joint,500.0,1115.0,42771.99296829016,10430.01378175493,0.9352457152410943,12.0,0.0,0.0,71.0,226.0,103.57081460301706,90.0,749.0,271.0,242.0,1.0,26.06846028490248,0.0008387853948350622,0.0,0.0,9.354272450004421,0.142,0.452,1.498,0.542,0.484,0.002,True,True,True,False,3,312021
interaction_trap,safe_exact_fixed,500.0,914.0,39346.508114325305,9806.856539969975,0.0,17.0,0.0,0.0,0.0,0.0,0.0,0.0,613.0,194.0,129.0,0.0,23.229507364269264,0.0,0.0,0.0,10.729602341323824,0.0,0.0,1.226,0.388,0.258,0.0,True,True,True,False,3,312021
interaction_trap,best_fixed,500.0,840.0,30080.78076684031,13550.145413135033,0.6269999999999982,10.0,0.0,0.0,0.0,0.0,0.0,0.0,731.0,692.0,180.0,0.0,27.924807088982806,0.0007464285714285693,0.0,0.0,16.13112549182742,0.0,0.0,1.462,1.384,0.36,0.0,True,True,True,False,3,312021
interaction_trap,independent_thresholds,500.0,1245.0,53071.83317140634,11054.236148848071,3.2057776832240394,8.0,0.0,0.0,0.0,0.0,0.0,0.0,655.0,490.0,251.0,13.0,23.45877135954618,0.002574921833914891,0.0,0.0,8.878904537227367,0.0,0.0,1.31,0.98,0.502,0.026,True,True,True,False,3,312021
interaction_trap,myopic_voi,500.0,1006.0,31872.07719216953,10604.615110072047,34.72237301687413,13.0,7.0,1.0,16.0,0.0,20.572724769191844,0.0,571.0,520.0,316.0,73.0,31.56367857464773,0.03451528132890073,0.5384615384615384,0.0009940357852882703,10.541366908620326,0.032,0.0,1.142,1.04,0.632,0.146,False,False,False,False,3,312021
interaction_trap,primal_dual_joint,500.0,1306.0,44033.92408096762,13892.944976125655,5.263885305272741,6.0,3.0,0.0,0.0,0.0,0.0,0.0,784.0,440.0,225.0,23.0,29.65895107596101,0.004030540049979128,0.5,0.0,10.637783289529597,0.0,0.0,1.568,0.88,0.45,0.046,True,False,True,False,3,312021
interaction_trap,exact_joint,500.0,1282.0,35892.61351437385,9313.787445300411,4.323907382710426,10.0,0.0,0.0,52.0,0.0,66.98826747115055,0.0,914.0,228.0,171.0,9.0,35.717655374596774,0.0033727826698209252,0.0,0.0,7.265044809126686,0.104,0.0,1.828,0.456,0.342,0.018,True,True,True,False,3,312021
interaction_trap,robust_safe_joint,500.0,1263.0,38289.052070303485,10102.636047960332,0.3658400000000001,7.0,0.0,0.0,35.0,163.0,45.20864436307499,90.0,863.0,234.0,174.0,0.0,32.985930225720246,0.00028965954077593044,0.0,0.0,7.998920069643968,0.07,0.326,1.726,0.468,0.348,0.0,True,True,True,False,3,312021
calibrated,safe_exact_fixed,500.0,902.0,38770.23677551228,10247.892083886507,0.0,4.0,0.0,0.0,0.0,0.0,0.0,0.0,577.0,169.0,95.0,0.0,23.26526931529377,0.0,0.0,0.0,11.361299427812092,0.0,0.0,1.154,0.338,0.19,0.0,True,True,True,False,4,412024
calibrated,best_fixed,500.0,852.0,28585.33585776893,13118.70656716347,3.0566886308274044,11.0,0.0,0.0,0.0,0.0,0.0,0.0,785.0,660.0,160.0,19.0,29.80549202707525,0.0035876627122387377,0.0,0.0,15.39754291920595,0.0,0.0,1.57,1.32,0.32,0.038,True,True,True,False,4,412024
calibrated,independent_thresholds,500.0,1418.0,52014.130450659846,12539.77060156445,0.9855928414413558,7.0,0.0,0.0,0.0,0.0,0.0,0.0,514.0,635.0,153.0,9.0,27.261822656924018,0.0006950584213267671,0.0,0.0,8.843279690807089,0.0,0.0,1.028,1.27,0.306,0.018,True,True,True,False,4,412024
calibrated,myopic_voi,500.0,1189.0,32970.08802682587,11670.842447543546,8.770677072339033,4.0,1.0,1.0,12.0,0.0,14.933349268780654,0.0,652.0,543.0,196.0,51.0,36.062991370619905,0.007376515620133754,0.25,0.0008410428931875525,9.815679098018121,0.024,0.0,1.304,1.086,0.392,0.102,False,False,False,False,4,412024
calibrated,primal_dual_joint,500.0,1263.0,36829.93508588458,12192.872286330221,4.323220209965483,8.0,1.0,0.0,0.0,0.0,0.0,0.0,785.0,401.0,199.0,14.0,34.29275661373774,0.003422977205039971,0.125,0.0,9.653897297173572,0.0,0.0,1.57,0.802,0.398,0.028,True,False,True,False,4,412024
calibrated,exact_joint,500.0,1284.0,34931.657859635015,9475.756470126402,2.674568095999719,15.0,1.0,0.0,59.0,0.0,73.87624528373534,0.0,896.0,195.0,177.0,6.0,36.75748815471239,0.0020829969595013388,0.06666666666666667,0.0,7.37987264028536,0.118,0.0,1.792,0.39,0.354,0.012,True,False,True,False,4,412024
calibrated,robust_safe_joint,500.0,1427.0,38830.69725910872,10608.889908995232,0.45204000000000005,6.0,0.0,0.0,39.0,96.0,48.843363494944896,90.0,903.0,181.0,106.0,0.0,36.74927572064808,0.0003167764540995095,0.0,0.0,7.434400777151529,0.078,0.192,1.806,0.362,0.212,0.0,True,True,True,False,4,412024
distribution_shift,safe_exact_fixed,500.0,849.0,39705.040988884444,7305.951228304473,0.0,14.0,0.0,0.0,0.0,0.0,0.0,0.0,867.0,202.0,225.0,0.0,21.382675319178748,0.0,0.0,0.0,8.605360692938131,0.0,0.0,1.734,0.404,0.45,0.0,True,True,True,False,4,412024
distribution_shift,best_fixed,500.0,802.0,33546.87380590785,13498.322074407499,5.5534312958958045,8.0,0.0,2.0,0.0,0.0,0.0,0.0,698.0,676.0,270.0,41.0,23.90684761388293,0.006924477925057113,0.0,0.0024937655860349127,16.830825529186406,0.0,0.0,1.396,1.352,0.54,0.082,False,True,False,False,4,412024
distribution_shift,independent_thresholds,500.0,1308.0,57557.05105327535,12710.184155716703,6.344016960783747,11.0,0.0,1.0,0.0,0.0,0.0,0.0,542.0,565.0,208.0,34.0,22.725278242439888,0.004850165872158828,0.0,0.0007645259938837921,9.717266174095338,0.0,0.0,1.084,1.13,0.416,0.068,False,True,False,False,4,412024
distribution_shift,myopic_voi,500.0,963.0,33721.05467241007,10608.60793302559,19.690679349332182,8.0,2.0,1.0,24.0,0.0,34.51361943270878,0.0,515.0,544.0,317.0,44.0,28.557825647959593,0.020447226738662703,0.25,0.0010384215991692627,11.01620761477216,0.048,0.0,1.03,1.088,0.634,0.088,False,False,False,False,4,412024
distribution_shift,primal_dual_joint,500.0,1291.0,50017.20503482937,13400.824639225899,4.765304604887838,10.0,0.0,0.0,0.0,0.0,0.0,0.0,844.0,456.0,259.0,19.0,25.811118376187054,0.0036911732028565747,0.0,0.0,10.380189495914717,0.0,0.0,1.688,0.912,0.518,0.038,True,True,True,False,4,412024
distribution_shift,exact_joint,500.0,1053.0,35732.889098349966,8640.535523347718,4.368396152828822,7.0,2.0,1.0,68.0,0.0,98.07031722963355,0.0,857.0,277.0,296.0,10.0,29.4686499348474,0.0041485243616608,0.2857142857142857,0.000949667616334283,8.205636774309324,0.136,0.0,1.714,0.554,0.592,0.02,True,False,False,False,4,412024
distribution_shift,robust_safe_joint,500.0,1121.0,40948.073532352355,9630.3271710066,1.4729661273178143,10.0,0.0,0.0,64.0,186.0,94.31243994785339,90.0,866.0,261.0,250.0,0.0,27.3761352683495,0.00131397513587673,0.0,0.0,8.590836013386797,0.128,0.372,1.732,0.522,0.5,0.0,True,True,True,False,4,412024
interaction_trap,safe_exact_fixed,500.0,898.0,37585.19066762,8362.379208917362,0.0,16.0,0.0,0.0,0.0,0.0,0.0,0.0,746.0,213.0,165.0,0.0,23.892389104563875,0.0,0.0,0.0,9.312226290553856,0.0,0.0,1.492,0.426,0.33,0.0,True,True,True,False,4,412024
interaction_trap,best_fixed,500.0,841.0,29817.184090686245,13405.712618679907,0.6254,8.0,0.0,0.0,0.0,0.0,0.0,0.0,747.0,671.0,177.0,0.0,28.205212049607876,0.0007436385255648037,0.0,0.0,15.940205254078368,0.0,0.0,1.494,1.342,0.354,0.0,True,True,True,False,4,412024
interaction_trap,independent_thresholds,500.0,1279.0,57452.15224641126,11469.438068510664,3.1571633227989433,18.0,0.0,0.0,0.0,0.0,0.0,0.0,617.0,558.0,217.0,14.0,22.262003249493453,0.0024684623321336537,0.0,0.0,8.967504353800363,0.0,0.0,1.234,1.116,0.434,0.028,True,True,True,False,4,412024
interaction_trap,myopic_voi,500.0,991.0,31537.26056478947,10532.40994055608,35.18669158372036,12.0,4.0,3.0,14.0,0.0,18.012123329228686,0.0,592.0,504.0,321.0,50.0,31.423147802077192,0.03550624781404678,0.3333333333333333,0.0030272452068617556,10.628062503083834,0.028,0.0,1.184,1.008,0.642,0.1,False,False,False,False,4,412024
interaction_trap,primal_dual_joint,500.0,1356.0,44358.641847242565,13841.533162160813,5.20007317759837,12.0,0.0,0.0,0.0,0.0,0.0,0.0,848.0,403.0,185.0,18.0,30.569015270342234,0.00383486222536753,0.0,0.0,10.207620326077295,0.0,0.0,1.696,0.806,0.37,0.036,True,True,True,False,4,412024
interaction_trap,exact_joint,500.0,1314.0,36099.38125018243,9559.661778769021,2.9315926638318834,9.0,1.0,0.0,50.0,0.0,64.34607657553701,0.0,911.0,225.0,175.0,6.0,36.399515850243546,0.002231044645229744,0.1111111111111111,0.0,7.275237274557854,0.1,0.0,1.822,0.45,0.35,0.012,True,False,True,False,4,412024
interaction_trap,robust_safe_joint,500.0,1370.0,39306.7949529399,10186.990549194667,0.4436600000000001,5.0,0.0,0.0,30.0,113.0,38.72188962939904,90.0,900.0,238.0,135.0,0.0,34.854024644854256,0.00032383941605839425,0.0,0.0,7.435759524959611,0.06,0.226,1.8,0.476,0.27,0.0,True,True,True,False,4,412024
calibrated,safe_exact_fixed,500.0,894.0,38099.27878231292,9771.518783417923,0.0,10.0,0.0,0.0,0.0,0.0,0.0,0.0,615.0,174.0,99.0,0.0,23.465011112363303,0.0,0.0,0.0,10.930110495993203,0.0,0.0,1.23,0.348,0.198,0.0,True,True,True,False,5,512027
calibrated,best_fixed,500.0,832.0,29520.91515957419,13747.62049868518,1.3875738596231209,14.0,2.0,0.0,0.0,0.0,0.0,0.0,695.0,672.0,169.0,10.0,28.183408119384357,0.001667757042816251,0.14285714285714285,0.0,16.523582330150457,0.0,0.0,1.39,1.344,0.338,0.02,True,False,True,False,5,512027
calibrated,independent_thresholds,500.0,1310.0,45698.413009238604,10204.081159935817,0.5650000000000003,4.0,0.0,0.0,0.0,0.0,0.0,0.0,680.0,513.0,221.0,0.0,28.666203347918543,0.0004312977099236643,0.0,0.0,7.789374931248715,0.0,0.0,1.36,1.026,0.442,0.0,True,True,True,False,5,512027
calibrated,myopic_voi,500.0,1142.0,32635.82489636003,11573.179377423057,6.355782543596017,6.0,2.0,1.0,9.0,0.0,11.363263557112564,0.0,639.0,550.0,229.0,28.0,34.992221083015146,0.005565483838525408,0.3333333333333333,0.0008756567425569177,10.134132554661171,0.018,0.0,1.278,1.1,0.458,0.056,False,False,False,False,5,512027
calibrated,primal_dual_joint,500.0,1359.0,39606.714601341424,13165.031841894888,4.112593920523545,6.0,1.0,0.0,0.0,0.0,0.0,0.0,758.0,423.0,156.0,8.0,34.3123637918196,0.0030261912586633886,0.16666666666666666,0.0,9.687293481894693,0.0,0.0,1.516,0.846,0.312,0.016,True,False,True,False,5,512027
calibrated,exact_joint,500.0,1323.0,35783.16447584522,9717.569519284316,2.932163610482495,13.0,1.0,0.0,60.0,0.0,74.96367455706242,0.0,898.0,203.0,150.0,16.0,36.972694265010226,0.002216299025308008,0.07692307692307693,0.0,7.34510167746358,0.12,0.0,1.796,0.406,0.3,0.032,True,False,True,False,5,512027
calibrated,robust_safe_joint,500.0,1377.0,38294.97124318361,10341.398803479933,0.44095999999999974,2.0,0.0,0.0,28.0,116.0,34.9187952151021,90.0,916.0,159.0,134.0,0.0,35.95772382895057,0.0003202323892519969,0.0,0.0,7.510093539201113,0.056,0.232,1.832,0.318,0.268,0.0,True,True,True,False,5,512027
distribution_shift,safe_exact_fixed,500.0,896.0,42892.945597689024,8641.471187061747,0.0,12.0,0.0,0.0,0.0,0.0,0.0,0.0,729.0,271.0,141.0,0.0,20.889215872557713,0.0,0.0,0.0,9.644499092702842,0.0,0.0,1.458,0.542,0.282,0.0,True,True,True,False,5,512027
distribution_shift,best_fixed,500.0,848.0,33381.93746471051,13377.227648511252,2.165324161892543,12.0,2.0,0.0,0.0,0.0,0.0,0.0,738.0,662.0,200.0,16.0,25.40295933681074,0.002553448304118565,0.16666666666666666,0.0,15.775032604376477,0.0,0.0,1.476,1.324,0.4,0.032,True,False,True,False,5,512027
distribution_shift,independent_thresholds,500.0,1274.0,55603.52717881333,11778.16580710179,3.772768241204378,15.0,2.0,0.0,0.0,0.0,0.0,0.0,543.0,572.0,244.0,6.0,22.91221554889837,0.0029613565472561836,0.13333333333333333,0.0,9.24502810604536,0.0,0.0,1.086,1.144,0.488,0.012,True,False,True,False,5,512027
distribution_shift,myopic_voi,500.0,945.0,33104.13905885547,10198.680633826536,19.48557677463098,10.0,2.0,1.0,38.0,0.0,55.199039094254786,0.0,557.0,533.0,341.0,50.0,28.546279313287542,0.020619657962572466,0.2,0.0010582010582010583,10.79225463896988,0.076,0.0,1.114,1.066,0.682,0.1,False,False,False,False,5,512027
distribution_shift,primal_dual_joint,500.0,1244.0,47723.02739617231,13898.703827701349,4.349520997701153,11.0,1.0,0.0,0.0,0.0,0.0,0.0,695.0,506.0,260.0,22.0,26.067080566221094,0.0034963995158369394,0.09090909090909091,0.0,11.172591501367643,0.0,0.0,1.39,1.012,0.52,0.044,True,False,True,False,5,512027
distribution_shift,exact_joint,500.0,1135.0,38072.684806903206,9092.346172044863,3.268395866758038,13.0,2.0,0.0,74.0,0.0,107.39076281804556,0.0,852.0,300.0,235.0,5.0,29.811399058314002,0.002879643935469637,0.15384615384615385,0.0,8.010877684621025,0.148,0.0,1.704,0.6,0.47,0.01,True,False,True,False,5,512027
distribution_shift,robust_safe_joint,500.0,1196.0,42609.053257330736,10069.870539478097,2.201670534363722,17.0,0.0,1.0,87.0,196.0,126.93011788382353,90.0,830.0,222.0,235.0,6.0,28.06915217704896,0.0018408616508057878,0.0,0.0008361204013377926,8.41962419688804,0.174,0.392,1.66,0.444,0.47,0.012,True,True,False,False,5,512027
interaction_trap,safe_exact_fixed,500.0,916.0,39952.107935200635,9858.676567314165,0.0,5.0,0.0,0.0,0.0,0.0,0.0,0.0,619.0,249.0,91.0,0.0,22.92745107431338,0.0,0.0,0.0,10.762747344229439,0.0,0.0,1.238,0.498,0.182,0.0,True,True,True,False,5,512027
interaction_trap,best_fixed,500.0,825.0,30067.771812283157,13505.35104128038,1.642490462224672,11.0,0.0,0.0,0.0,0.0,0.0,0.0,713.0,706.0,195.0,1.0,27.43801586464663,0.0019908975299692995,0.0,0.0,16.37012247427925,0.0,0.0,1.426,1.412,0.39,0.002,True,True,True,False,5,512027
interaction_trap,independent_thresholds,500.0,1212.0,50878.135849280574,10421.65469596919,2.8572818155715436,11.0,0.0,0.0,0.0,0.0,0.0,0.0,708.0,444.0,268.0,11.0,23.821627498113966,0.0023574932471712405,0.0,0.0,8.59872499667425,0.0,0.0,1.416,0.888,0.536,0.022,True,True,True,False,5,512027
interaction_trap,myopic_voi,500.0,904.0,30490.90320176274,10103.149826066896,47.9380978073682,9.0,4.0,3.0,14.0,0.0,17.927578060995152,0.0,499.0,527.0,358.0,62.0,29.64818700246761,0.05302886925593828,0.4444444444444444,0.00331858407079646,11.176050692551875,0.028,0.0,0.998,1.054,0.716,0.124,False,False,False,False,5,512027
interaction_trap,primal_dual_joint,500.0,1404.0,44093.82855498091,13856.183984784266,5.403687374529994,14.0,4.0,0.0,0.0,0.0,0.0,0.0,836.0,411.0,175.0,15.0,31.841190615810156,0.00384878018128917,0.2857142857142857,0.0,9.869076912239505,0.0,0.0,1.672,0.822,0.35,0.03,True,False,True,False,5,512027
interaction_trap,exact_joint,500.0,1193.0,33411.94863669412,8003.5049948555325,2.9225030097240174,8.0,0.0,0.0,50.0,0.0,64.62996431464396,0.0,949.0,195.0,238.0,5.0,35.70578935614092,0.002449709144781238,0.0,0.0,6.708721705662643,0.1,0.0,1.898,0.39,0.476,0.01,True,True,True,False,5,512027
interaction_trap,robust_safe_joint,500.0,1239.0,38193.48533463861,9769.149123544945,0.38445999999999964,11.0,0.0,0.0,38.0,150.0,48.92592163894974,90.0,917.0,177.0,184.0,0.0,32.44008733804455,0.00031029862792574626,0.0,0.0,7.8847047001976955,0.076,0.3,1.834,0.354,0.368,0.0,True,True,True,False,5,512027
calibrated,safe_exact_fixed,500.0,900.0,37143.41975224343,8930.158868936447,0.0,10.0,0.0,0.0,0.0,0.0,0.0,0.0,708.0,172.0,96.0,0.0,24.230402208607643,0.0,0.0,0.0,9.922398743262718,0.0,0.0,1.416,0.344,0.192,0.0,True,True,True,False,6,612030
calibrated,best_fixed,500.0,854.0,28578.687701446084,13169.863393460853,1.0730957920378092,4.0,0.0,0.0,0.0,0.0,0.0,0.0,805.0,645.0,134.0,0.0,29.88240779008154,0.001256552449692985,0.0,0.0,15.421385706628634,0.0,0.0,1.61,1.29,0.268,0.0,True,True,True,False,6,612030
calibrated,independent_thresholds,500.0,1298.0,45998.52508456508,10239.102410266922,0.5478000000000006,12.0,0.0,0.0,0.0,0.0,0.0,0.0,665.0,560.0,217.0,0.0,28.21829607827028,0.0004220338983050852,0.0,0.0,7.8883685749359955,0.0,0.0,1.33,1.12,0.434,0.0,True,True,True,False,6,612030
calibrated,myopic_voi,500.0,1206.0,33789.55777066799,12133.504386947303,8.875212616371234,10.0,1.0,0.0,23.0,0.0,28.566903168137735,0.0,625.0,542.0,199.0,23.0,35.69149996532075,0.007359214441435518,0.1,0.0,10.060948911233252,0.046,0.0,1.25,1.084,0.398,0.046,False,False,True,False,6,612030
calibrated,primal_dual_joint,500.0,1395.0,40908.047508721604,13423.997259399128,4.146309066230433,12.0,2.0,0.0,0.0,0.0,0.0,0.0,827.0,396.0,150.0,9.0,34.10086975435789,0.002972264563606045,0.16666666666666666,0.0,9.62293710351192,0.0,0.0,1.654,0.792,0.3,0.018,True,False,True,False,6,612030
calibrated,exact_joint,500.0,1377.0,36191.9570625646,9739.127698129389,1.3151486551128204,13.0,0.0,0.0,33.0,0.0,41.6020528938843,0.0,928.0,175.0,139.0,0.0,38.0471273664366,0.0009550825382082937,0.0,0.0,7.0727143777264985,0.066,0.0,1.856,0.35,0.278,0.0,True,True,True,False,6,612030
calibrated,robust_safe_joint,500.0,1339.0,37706.688634286256,10138.189171798324,0.40356000000000003,9.0,0.0,0.0,37.0,131.0,46.08219919903178,90.0,893.0,229.0,142.0,0.0,35.51094112206031,0.00030138909634055267,0.0,0.0,7.571463160416971,0.074,0.262,1.786,0.458,0.284,0.0,True,True,True,False,6,612030
distribution_shift,safe_exact_fixed,500.0,888.0,43153.716659916434,8951.407585387362,0.0,13.0,0.0,0.0,0.0,0.0,0.0,0.0,698.0,252.0,158.0,0.0,20.577601855202975,0.0,0.0,0.0,10.08041394750829,0.0,0.0,1.396,0.504,0.316,0.0,True,True,True,False,6,612030
distribution_shift,best_fixed,500.0,823.0,33591.97442705388,13615.601366641095,1.6974375599460705,12.0,1.0,1.0,0.0,0.0,0.0,0.0,705.0,679.0,227.0,14.0,24.499899575333764,0.002062500072838482,0.08333333333333333,0.001215066828675577,16.54386557307545,0.0,0.0,1.41,1.358,0.454,0.028,True,False,False,False,6,612030
distribution_shift,independent_thresholds,500.0,1204.0,52789.61877222825,11149.550588982112,4.3587146128987575,9.0,3.0,0.0,0.0,0.0,0.0,0.0,629.0,565.0,254.0,21.0,22.80751458340526,0.0036201948612115927,0.3333333333333333,0.0,9.260424077227668,0.0,0.0,1.258,1.13,0.508,0.042,True,False,True,False,6,612030
distribution_shift,myopic_voi,500.0,929.0,33347.23442558219,10347.57088161409,17.347758512882752,4.0,1.0,0.0,36.0,0.0,51.78352931523735,0.0,505.0,586.0,348.0,83.0,27.85838214179829,0.01867358289868972,0.25,0.0,11.138397073858009,0.072,0.0,1.01,1.172,0.696,0.166,False,False,True,False,6,612030
distribution_shift,primal_dual_joint,500.0,1332.0,53312.18574716234,13838.969974542548,5.755050485304826,7.0,2.0,0.0,0.0,0.0,0.0,0.0,797.0,477.0,218.0,23.0,24.984906946361672,0.0043206084724510705,0.2857142857142857,0.0,10.389617098004916,0.0,0.0,1.594,0.954,0.436,0.046,True,False,True,False,6,612030
distribution_shift,exact_joint,500.0,1144.0,37787.227106656836,8514.858136442095,5.44477682349512,14.0,2.0,0.0,79.0,0.0,115.11726806117298,0.0,920.0,271.0,247.0,9.0,30.274780331750403,0.0047594203002579724,0.14285714285714285,0.0,7.443057811575258,0.158,0.0,1.84,0.542,0.494,0.018,False,False,True,False,6,612030
distribution_shift,robust_safe_joint,500.0,1159.0,42207.98902233663,9993.18657989969,1.5615100867565135,9.0,0.0,1.0,72.0,214.0,105.19365837431488,90.0,828.0,227.0,242.0,0.0,27.459256573125355,0.0013472908427579926,0.0,0.0008628127696289905,8.622248990422511,0.144,0.428,1.656,0.454,0.484,0.0,True,True,False,False,6,612030
interaction_trap,safe_exact_fixed,500.0,882.0,37249.84854796388,8515.94547245202,0.0,10.0,0.0,0.0,0.0,0.0,0.0,0.0,733.0,203.0,169.0,0.0,23.677948619423614,0.0,0.0,0.0,9.655266975569184,0.0,0.0,1.466,0.406,0.338,0.0,True,True,True,False,6,612030
interaction_trap,best_fixed,500.0,850.0,30166.877465982358,13512.249059718974,1.9010238376387054,14.0,0.0,0.0,0.0,0.0,0.0,0.0,726.0,688.0,162.0,22.0,28.176598687036847,0.002236498632516124,0.0,0.0,15.89676359966938,0.0,0.0,1.452,1.376,0.324,0.044,True,True,True,False,6,612030
interaction_trap,independent_thresholds,500.0,1145.0,46750.16345040521,9552.325424161545,1.8475217198014429,8.0,1.0,0.0,0.0,0.0,0.0,0.0,749.0,465.0,292.0,7.0,24.491892979468837,0.0016135560871628322,0.125,0.0,8.342642291844145,0.0,0.0,1.498,0.93,0.584,0.014,True,False,True,False,6,612030
interaction_trap,myopic_voi,500.0,897.0,29918.976694657787,9981.593302833173,36.58735812464432,7.0,3.0,2.0,15.0,0.0,19.290077271548995,0.0,494.0,483.0,374.0,82.0,29.980971914730116,0.04078858207875621,0.42857142857142855,0.002229654403567447,11.12775173114066,0.03,0.0,0.988,0.966,0.748,0.164,False,False,False,False,6,612030
interaction_trap,primal_dual_joint,500.0,1395.0,44883.01911194191,13627.571127302572,5.494352398096504,15.0,3.0,0.0,0.0,0.0,0.0,0.0,864.0,421.0,175.0,34.0,31.08079687154637,0.0039386038696032286,0.2,0.0,9.768868191614747,0.0,0.0,1.728,0.842,0.35,0.068,True,False,True,False,6,612030
interaction_trap,exact_joint,500.0,1354.0,36544.04513500735,9163.593829979523,1.5418212478158893,7.0,0.0,0.0,40.0,0.0,51.814360827139716,0.0,935.0,213.0,171.0,0.0,37.05118015802078,0.001138715840336698,0.0,0.0,6.767794556853414,0.08,0.0,1.87,0.426,0.342,0.0,True,True,True,False,6,612030
interaction_trap,robust_safe_joint,500.0,1289.0,38202.71294442908,9959.069445436566,0.6340515795411547,12.0,0.0,0.0,39.0,142.0,50.075742043195824,90.0,901.0,212.0,176.0,0.0,33.74105922464255,0.0004918941656642007,0.0,0.0,7.726198173341013,0.078,0.284,1.802,0.424,0.352,0.0,True,True,True,False,6,612030
calibrated,safe_exact_fixed,500.0,903.0,37461.6747773361,9292.576546431143,0.0,13.0,0.0,0.0,0.0,0.0,0.0,0.0,674.0,156.0,103.0,0.0,24.10463508017813,0.0,0.0,0.0,10.290782443445341,0.0,0.0,1.348,0.312,0.206,0.0,True,True,True,False,7,712033
calibrated,best_fixed,500.0,848.0,29155.760221613436,13435.958616480226,2.204656267493289,12.0,0.0,0.0,0.0,0.0,0.0,0.0,739.0,662.0,170.0,6.0,29.085161681751302,0.002599830504119444,0.0,0.0,15.844290821321021,0.0,0.0,1.478,1.324,0.34,0.012,True,True,True,False,7,712033
calibrated,independent_thresholds,500.0,1329.0,48475.14884005233,11404.206239507397,1.4911316040334048,11.0,0.0,0.0,0.0,0.0,0.0,0.0,586.0,544.0,192.0,2.0,27.416109734601186,0.0011219951873840518,0.0,0.0,8.58104306960677,0.0,0.0,1.172,1.088,0.384,0.004,True,True,True,False,7,712033
calibrated,myopic_voi,500.0,1156.0,32594.0528085056,11502.357359046311,8.527511616477591,8.0,3.0,0.0,13.0,0.0,16.364361561125044,0.0,701.0,547.0,229.0,34.0,35.4665928410822,0.007376740152662277,0.375,0.0,9.950136123742483,0.026,0.0,1.402,1.094,0.458,0.068,False,False,True,False,7,712033
calibrated,primal_dual_joint,500.0,1287.0,37073.52653247763,12695.219254789848,4.535096211045993,9.0,0.0,0.0,0.0,0.0,0.0,0.0,723.0,392.0,211.0,11.0,34.71479841208377,0.0035237732797560165,0.0,0.0,9.864195225166938,0.0,0.0,1.446,0.784,0.422,0.022,True,True,True,False,7,712033
calibrated,exact_joint,500.0,1327.0,35051.96444003062,9086.977604502286,3.038751966083976,14.0,0.0,1.0,53.0,0.0,66.44512431655208,0.0,941.0,172.0,169.0,6.0,37.85807789090752,0.0022899411952403735,0.0,0.0007535795026375283,6.847760063679191,0.106,0.0,1.882,0.344,0.338,0.012,True,True,False,False,7,712033
calibrated,robust_safe_joint,500.0,1389.0,38509.98815829747,10348.988368040413,0.44453999999999994,8.0,0.0,0.0,36.0,116.0,44.96400036740434,90.0,921.0,216.0,132.0,0.0,36.068564713404676,0.0003200431965442764,0.0,0.0,7.450675570943422,0.072,0.232,1.842,0.432,0.264,0.0,True,True,True,False,7,712033
distribution_shift,safe_exact_fixed,500.0,873.0,44490.67225631291,10348.763544478355,0.0,5.0,0.0,0.0,0.0,0.0,0.0,0.0,539.0,209.0,187.0,0.0,19.622090558007415,0.0,0.0,0.0,11.854253773743821,0.0,0.0,1.078,0.418,0.374,0.0,True,True,True,False,7,712033
distribution_shift,best_fixed,500.0,819.0,33044.155149409686,13500.518727862725,3.0273322248876537,15.0,0.0,0.0,0.0,0.0,0.0,0.0,692.0,637.0,243.0,15.0,24.78501860001801,0.0036963763429641683,0.0,0.0,16.48414985087024,0.0,0.0,1.384,1.274,0.486,0.03,True,True,True,False,7,712033
distribution_shift,independent_thresholds,500.0,1190.0,53965.458972913984,11875.325953222235,4.044789483092987,6.0,0.0,0.0,0.0,0.0,0.0,0.0,512.0,592.0,279.0,13.0,22.05114202025554,0.0033989827589016694,0.0,0.0,9.97926550690944,0.0,0.0,1.024,1.184,0.558,0.026,True,True,True,False,7,712033
distribution_shift,myopic_voi,500.0,978.0,34118.43219499453,10591.219484556284,16.133882197613335,8.0,1.0,2.0,24.0,0.0,34.9469488685856,0.0,549.0,555.0,325.0,49.0,28.66485758813622,0.01649681206299932,0.125,0.002044989775051125,10.829467775619923,0.048,0.0,1.098,1.11,0.65,0.098,False,False,False,False,7,712033
distribution_shift,primal_dual_joint,500.0,1193.0,43933.43465698965,12383.319507810087,4.228270387567542,15.0,2.0,0.0,0.0,0.0,0.0,0.0,800.0,444.0,265.0,15.0,27.154717342596797,0.003544233350852927,0.13333333333333333,0.0,10.379982822975764,0.0,0.0,1.6,0.888,0.53,0.03,True,False,True,False,7,712033
distribution_shift,exact_joint,500.0,1139.0,38007.19554151455,9882.88756109742,5.316591724605204,11.0,1.0,0.0,84.0,0.0,122.86959331327377,0.0,811.0,341.0,236.0,16.0,29.968009577446765,0.0046677714878008815,0.09090909090909091,0.0,8.676810852587725,0.168,0.0,1.622,0.682,0.472,0.032,False,False,True,False,7,712033
distribution_shift,robust_safe_joint,500.0,1190.0,42305.43727974456,9786.335197677177,1.9133105847762562,10.0,1.0,0.0,83.0,181.0,119.67263927463748,90.0,879.0,231.0,208.0,3.0,28.12877200940222,0.0016078240208203833,0.1,0.0,8.223811090485023,0.166,0.362,1.758,0.462,0.416,0.006,True,False,True,False,7,712033
interaction_trap,safe_exact_fixed,500.0,906.0,37243.82774233344,7981.84655535253,0.0,13.0,0.0,0.0,0.0,0.0,0.0,0.0,807.0,231.0,108.0,0.0,24.326178454804452,0.0,0.0,0.0,8.809985160433257,0.0,0.0,1.614,0.462,0.216,0.0,True,True,True,False,7,712033
interaction_trap,best_fixed,500.0,843.0,29441.192743408,13397.335224898952,2.981903778795349,9.0,1.0,0.0,0.0,0.0,0.0,0.0,767.0,633.0,167.0,23.0,28.633350807050814,0.003537252406637425,0.1111111111111111,0.0,15.89244985160018,0.0,0.0,1.534,1.266,0.334,0.046,True,False,True,False,7,712033
interaction_trap,independent_thresholds,500.0,1176.0,50119.309512354754,10046.94962577986,3.3033860436213436,11.0,2.0,0.0,0.0,0.0,0.0,0.0,705.0,528.0,267.0,14.0,23.464010407208583,0.0028090017377732516,0.18181818181818182,0.0,8.543324511717568,0.0,0.0,1.41,1.056,0.534,0.028,True,False,True,False,7,712033
interaction_trap,myopic_voi,500.0,880.0,30627.40074604191,10085.036688335766,47.54426920908592,8.0,6.0,3.0,9.0,0.0,11.532831686570255,0.0,431.0,550.0,390.0,101.0,28.73244149240205,0.05402757864668854,0.75,0.003409090909090909,11.460268964017915,0.018,0.0,0.862,1.1,0.78,0.202,False,False,False,False,7,712033
interaction_trap,primal_dual_joint,500.0,1292.0,41089.22359370085,12954.880023893273,4.755679757674841,14.0,1.0,0.0,0.0,0.0,0.0,0.0,813.0,443.0,209.0,19.0,31.44376765975371,0.0036808666855068428,0.07142857142857142,0.0,10.026996922518013,0.0,0.0,1.626,0.886,0.418,0.038,True,False,True,False,7,712033
interaction_trap,exact_joint,500.0,1246.0,35284.01498455027,9071.46300829759,3.646108664717741,10.0,0.0,0.0,47.0,0.0,60.430356408970894,0.0,924.0,192.0,191.0,1.0,35.31344152714999,0.002926250934765442,0.0,0.0,7.280467903930649,0.094,0.0,1.848,0.384,0.382,0.002,True,True,True,False,7,712033
interaction_trap,robust_safe_joint,500.0,1290.0,38843.07940313855,10260.838281106817,0.8689233200851221,8.0,1.0,0.0,33.0,137.0,42.384738316326846,90.0,875.0,208.0,160.0,0.0,33.210549210363766,0.0006735839690582342,0.125,0.0,7.9541382024083855,0.066,0.274,1.75,0.416,0.32,0.0,True,False,True,False,7,712033
calibrated,safe_exact_fixed,500.0,910.0,38124.04152103107,9642.263403065637,0.0,9.0,0.0,0.0,0.0,0.0,0.0,0.0,643.0,155.0,102.0,0.0,23.869452547364368,0.0,0.0,0.0,10.595893849522678,0.0,0.0,1.286,0.31,0.204,0.0,True,True,True,False,8,812036
calibrated,best_fixed,500.0,878.0,29110.22751305553,13260.701817305015,0.5428000000000002,8.0,0.0,0.0,0.0,0.0,0.0,0.0,777.0,675.0,142.0,0.0,30.161220815132044,0.000618223234624146,0.0,0.0,15.103305031099106,0.0,0.0,1.554,1.35,0.284,0.0,True,True,True,False,8,812036
calibrated,independent_thresholds,500.0,1383.0,48288.492846205525,11110.75348595904,1.799978672539372,9.0,0.0,0.0,0.0,0.0,0.0,0.0,650.0,521.0,176.0,4.0,28.640363748869316,0.0013015030170205149,0.0,0.0,8.033805846680433,0.0,0.0,1.3,1.042,0.352,0.008,True,True,True,False,8,812036
calibrated,myopic_voi,500.0,1118.0,31705.96098327246,11222.038892636852,7.0258028925442675,15.0,3.0,1.0,13.0,0.0,16.17988151166914,0.0,682.0,482.0,239.0,30.0,35.26150809905551,0.0062842601901111515,0.2,0.0008944543828264759,10.037601871768205,0.026,0.0,1.364,0.964,0.478,0.06,False,False,False,False,8,812036
calibrated,primal_dual_joint,500.0,1291.0,37204.78992080164,12382.301163381971,4.629256356059954,11.0,0.0,0.0,0.0,0.0,0.0,0.0,767.0,386.0,185.0,11.0,34.699833079239795,0.003585791135600274,0.0,0.0,9.591247996422906,0.0,0.0,1.534,0.772,0.37,0.022,True,True,True,False,8,812036
calibrated,exact_joint,500.0,1279.0,34284.11934405048,8974.391149278497,2.3290100412648136,8.0,1.0,0.0,37.0,0.0,46.19554716943425,0.0,945.0,170.0,189.0,2.0,37.30590210484588,0.0018209617210827316,0.125,0.0,7.016724901703282,0.074,0.0,1.89,0.34,0.378,0.004,True,False,True,False,8,812036
calibrated,robust_safe_joint,500.0,1339.0,37762.12871013593,10171.873039244643,0.4296199999999997,13.0,0.0,0.0,33.0,119.0,41.16968705995334,90.0,900.0,220.0,135.0,0.0,35.45880610381459,0.00032085138162808046,0.0,0.0,7.596619148054252,0.066,0.238,1.8,0.44,0.27,0.0,True,True,True,False,8,812036
distribution_shift,safe_exact_fixed,500.0,899.0,44027.581514717,9435.841993820542,0.0,9.0,0.0,0.0,0.0,0.0,0.0,0.0,654.0,236.0,164.0,0.0,20.419018466855675,0.0,0.0,0.0,10.495931027609057,0.0,0.0,1.308,0.472,0.328,0.0,True,True,True,False,8,812036
distribution_shift,best_fixed,500.0,819.0,33731.11422009569,13617.581777512509,2.871514261831224,10.0,1.0,0.0,0.0,0.0,0.0,0.0,694.0,693.0,243.0,13.0,24.280253378409647,0.0035061224198183446,0.1,0.0,16.62708397742675,0.0,0.0,1.388,1.386,0.486,0.026,True,False,True,False,8,812036
distribution_shift,independent_thresholds,500.0,1208.0,55482.02237984373,11999.688403650915,3.3621769155525287,11.0,0.0,0.0,0.0,0.0,0.0,0.0,525.0,617.0,244.0,6.0,21.77281844071457,0.002783259036053418,0.0,0.0,9.933516890439499,0.0,0.0,1.05,1.234,0.488,0.012,True,True,True,False,8,812036
distribution_shift,myopic_voi,500.0,996.0,33731.09612648473,10824.917597519323,14.654298045233338,11.0,3.0,0.0,35.0,0.0,51.03597210244881,0.0,545.0,521.0,321.0,35.0,29.527649984014847,0.014713150647824637,0.2727272727272727,0.0,10.868391162167995,0.07,0.0,1.09,1.042,0.642,0.07,False,False,True,False,8,812036
distribution_shift,primal_dual_joint,500.0,1271.0,47522.51748222204,13353.323285030727,4.422371979707037,8.0,2.0,0.0,0.0,0.0,0.0,0.0,796.0,454.0,241.0,16.0,26.745216106774546,0.0034794429423344116,0.25,0.0,10.506155220323153,0.0,0.0,1.592,0.908,0.482,0.032,True,False,True,False,8,812036
distribution_shift,exact_joint,500.0,1232.0,38838.100503381705,8800.521544920777,6.869295616041844,7.0,1.0,0.0,67.0,0.0,97.89813587995566,0.0,926.0,230.0,226.0,6.0,31.721427774067568,0.005575726961072926,0.14285714285714285,0.0,7.143280474773358,0.134,0.0,1.852,0.46,0.452,0.012,False,False,True,False,8,812036
distribution_shift,robust_safe_joint,500.0,1211.0,42487.16921611005,10382.738812603335,1.3414645716551732,10.0,0.0,0.0,79.0,168.0,114.58619363996438,90.0,826.0,213.0,199.0,0.0,28.50272264175274,0.0011077329245707459,0.0,0.0,8.573690183817783,0.158,0.336,1.652,0.426,0.398,0.0,True,True,True,False,8,812036
interaction_trap,safe_exact_fixed,500.0,900.0,39317.013907101216,9633.031159313789,0.0,12.0,0.0,0.0,0.0,0.0,0.0,0.0,623.0,222.0,143.0,0.0,22.890853362529832,0.0,0.0,0.0,10.703367954793098,0.0,0.0,1.246,0.444,0.286,0.0,True,True,True,False,8,812036
interaction_trap,best_fixed,500.0,843.0,29510.77088439252,13241.79698750636,2.578321658639248,6.0,0.0,0.0,0.0,0.0,0.0,0.0,779.0,618.0,142.0,38.0,28.565841377117017,0.0030585073056218835,0.0,0.0,15.707944231917391,0.0,0.0,1.558,1.236,0.284,0.076,True,True,True,False,8,812036
interaction_trap,independent_thresholds,500.0,1205.0,47016.913994820985,9091.37659769077,2.6488708265099814,12.0,2.0,0.0,0.0,0.0,0.0,0.0,800.0,420.0,267.0,12.0,25.62907468007648,0.0021982330510456278,0.16666666666666666,0.0,7.5447108694529215,0.0,0.0,1.6,0.84,0.534,0.024,True,False,True,False,8,812036
interaction_trap,myopic_voi,500.0,896.0,31066.19579265752,10318.971724542656,35.316351603588274,10.0,6.0,1.0,9.0,0.0,11.662429901120888,0.0,440.0,554.0,355.0,80.0,28.841638866248605,0.039415570986147626,0.6,0.0011160714285714285,11.516709513998501,0.018,0.0,0.88,1.108,0.71,0.16,False,False,False,False,8,812036
interaction_trap,primal_dual_joint,500.0,1346.0,41522.44661791868,13160.743572607238,4.8645271322934756,8.0,1.0,0.0,0.0,0.0,0.0,0.0,857.0,369.0,179.0,9.0,32.41620158815845,0.0036140617624765793,0.125,0.0,9.777669816201515,0.0,0.0,1.714,0.738,0.358,0.018,True,False,True,False,8,812036
interaction_trap,exact_joint,500.0,1289.0,36163.371271223186,9339.22340682526,3.001181309906381,7.0,0.0,0.0,41.0,0.0,52.62575889691634,0.0,923.0,236.0,171.0,1.0,35.64380074890072,0.002328302024752817,0.0,0.0,7.245324598002529,0.082,0.0,1.846,0.472,0.342,0.002,True,True,True,False,8,812036
interaction_trap,robust_safe_joint,500.0,1294.0,38737.079546752546,10487.080837476651,0.9091813607477246,13.0,0.0,0.0,33.0,146.0,42.83614281105242,90.0,844.0,220.0,164.0,0.0,33.4046865468587,0.0007026131072238984,0.0,0.0,8.104390137153517,0.066,0.292,1.688,0.44,0.328,0.0,True,True,True,False,8,812036
calibrated,safe_exact_fixed,500.0,901.0,37120.51414732763,8940.405092123448,0.0,16.0,0.0,0.0,0.0,0.0,0.0,0.0,711.0,169.0,108.0,0.0,24.272293115984887,0.0,0.0,0.0,9.922758148860654,0.0,0.0,1.422,0.338,0.216,0.0,True,True,True,False,9,912039
calibrated,best_fixed,500.0,867.0,29562.560957715592,13413.160055323446,0.7683890313103534,7.0,0.0,0.0,0.0,0.0,0.0,0.0,756.0,708.0,141.0,1.0,29.32763508682829,0.0008862618584894503,0.0,0.0,15.470772843510318,0.0,0.0,1.512,1.416,0.282,0.002,True,True,True,False,9,912039
calibrated,independent_thresholds,500.0,1253.0,45800.4309256807,10655.606003120576,2.2154122272201326,9.0,1.0,1.0,0.0,0.0,0.0,0.0,695.0,496.0,216.0,9.0,27.357821196774633,0.0017680863744773605,0.1111111111111111,0.0007980845969672786,8.5040750224426,0.0,0.0,1.39,0.992,0.432,0.018,True,False,False,False,9,912039
calibrated,myopic_voi,500.0,1168.0,32496.96785647309,11396.492968424129,7.762691725128188,9.0,2.0,0.0,14.0,0.0,17.434063343479124,0.0,691.0,508.0,200.0,21.0,35.94181479203284,0.006646140175623449,0.2222222222222222,0.0,9.757271377075453,0.028,0.0,1.382,1.016,0.4,0.042,False,False,True,False,9,912039
calibrated,primal_dual_joint,500.0,1247.0,37315.60155132848,12705.827481140563,3.997666179953724,10.0,1.0,0.0,0.0,0.0,0.0,0.0,720.0,404.0,202.0,3.0,33.41765771308074,0.003205826928591599,0.1,0.0,10.189115862983611,0.0,0.0,1.44,0.808,0.404,0.006,True,False,True,False,9,912039
calibrated,exact_joint,500.0,1330.0,35649.017206230885,9671.377619389827,2.27061702979234,9.0,0.0,0.0,51.0,0.0,63.91273533577755,0.0,912.0,209.0,134.0,3.0,37.30818138143615,0.0017072308494679247,0.0,0.0,7.271712495781824,0.102,0.0,1.824,0.418,0.268,0.006,True,True,True,False,9,912039
calibrated,robust_safe_joint,500.0,1348.0,38029.608705560655,9917.782236101224,0.40226,11.0,0.0,0.0,31.0,127.0,38.93274205811669,90.0,951.0,167.0,143.0,0.0,35.44606547063674,0.00029841246290801185,0.0,0.0,7.357405219659662,0.062,0.254,1.902,0.334,0.286,0.0,True,True,True,False,9,912039
distribution_shift,safe_exact_fixed,500.0,899.0,42748.630747539006,8671.288670686325,0.0,8.0,0.0,0.0,0.0,0.0,0.0,0.0,722.0,275.0,159.0,0.0,21.02991333942911,0.0,0.0,0.0,9.645482392309594,0.0,0.0,1.444,0.55,0.318,0.0,True,True,True,False,9,912039
distribution_shift,best_fixed,500.0,825.0,32461.30953005341,13115.73036608996,2.6245346739166937,9.0,0.0,0.0,0.0,0.0,0.0,0.0,795.0,667.0,202.0,28.0,25.414871178755018,0.003181254150202053,0.0,0.0,15.897854989199951,0.0,0.0,1.59,1.334,0.404,0.056,True,True,True,False,9,912039
distribution_shift,independent_thresholds,500.0,1223.0,53918.18216422694,11843.710748433712,8.545426007890367,6.0,2.0,1.0,0.0,0.0,0.0,0.0,583.0,609.0,265.0,33.0,22.682515450445266,0.006987265746435296,0.3333333333333333,0.0008176614881439084,9.684146155710312,0.0,0.0,1.166,1.218,0.53,0.066,False,False,False,False,9,912039
distribution_shift,myopic_voi,500.0,940.0,32468.004867257372,10513.079542052335,17.43714190390399,8.0,0.0,2.0,35.0,0.0,50.80066904062781,0.0,549.0,507.0,359.0,72.0,28.951578757090516,0.01855015096159999,0.0,0.002127659574468085,11.184127172396101,0.07,0.0,1.098,1.014,0.718,0.144,False,True,False,False,9,912039
distribution_shift,primal_dual_joint,500.0,1272.0,44724.54101695977,12528.081696074301,4.2707606523481445,14.0,1.0,0.0,0.0,0.0,0.0,0.0,782.0,450.0,240.0,11.0,28.44076140474312,0.003357516236122755,0.07142857142857142,0.0,9.849120830247092,0.0,0.0,1.564,0.9,0.48,0.022,True,False,True,False,9,912039
distribution_shift,exact_joint,500.0,1108.0,36465.609227897294,8538.242007586205,5.426451847668645,9.0,0.0,2.0,99.0,0.0,143.95810016358485,0.0,893.0,266.0,254.0,7.0,30.38479332884274,0.004897519718112495,0.0,0.0018050541516245488,7.7059945916843,0.198,0.0,1.786,0.532,0.508,0.014,False,True,False,False,9,912039
distribution_shift,robust_safe_joint,500.0,1104.0,40855.012847097016,9373.996368114314,1.402862037384129,11.0,0.0,0.0,80.0,227.0,116.26875795055031,90.0,874.0,221.0,254.0,1.0,27.022387782175073,0.001270708367195769,0.0,0.0,8.49093873923398,0.16,0.454,1.748,0.442,0.508,0.002,True,True,True,False,9,912039
interaction_trap,safe_exact_fixed,500.0,906.0,38866.31100790243,9293.394486604951,0.0,11.0,0.0,0.0,0.0,0.0,0.0,0.0,670.0,247.0,115.0,0.0,23.310676431724865,0.0,0.0,0.0,10.257609808614736,0.0,0.0,1.34,0.494,0.23,0.0,True,True,True,False,9,912039
interaction_trap,best_fixed,500.0,842.0,30027.883672848868,13524.219479630683,2.4001253814575065,15.0,2.0,0.0,0.0,0.0,0.0,0.0,707.0,655.0,169.0,10.0,28.040604165565426,0.002850505203631243,0.13333333333333333,0.0,16.06201838435948,0.0,0.0,1.414,1.31,0.338,0.02,True,False,True,False,9,912039
interaction_trap,independent_thresholds,500.0,1234.0,53460.67687039218,10919.494472657178,4.462930668283513,8.0,1.0,0.0,0.0,0.0,0.0,0.0,672.0,505.0,249.0,25.0,23.08238638638373,0.003616637494557142,0.125,0.0,8.848860998911814,0.0,0.0,1.344,1.01,0.498,0.05,True,False,True,False,9,912039
interaction_trap,myopic_voi,500.0,927.0,30017.816525601233,9975.364357522887,42.20775549932385,6.0,2.0,5.0,14.0,0.0,17.95756883384032,0.0,550.0,463.0,350.0,62.0,30.881659870543597,0.04553155933044644,0.3333333333333333,0.005393743257820928,10.760910849539252,0.028,0.0,1.1,0.926,0.7,0.124,False,False,False,False,9,912039
interaction_trap,primal_dual_joint,500.0,1513.0,68108.4020889314,14139.21222570976,3.6088901081537434,11.0,0.0,1.0,0.0,0.0,0.0,0.0,798.0,570.0,166.0,33.0,22.214586652971622,0.0023852545328180725,0.0,0.0006609385327164573,9.345150182227204,0.0,0.0,1.596,1.14,0.332,0.066,True,True,False,False,9,912039
interaction_trap,exact_joint,500.0,1342.0,36729.830074992344,9854.49455081697,0.9500399999999922,8.0,0.0,0.0,34.0,0.0,43.56276654137873,0.0,868.0,244.0,146.0,0.0,36.537059857342115,0.0007079284649776395,0.0,0.0,7.343140499863614,0.068,0.0,1.736,0.488,0.292,0.0,True,True,True,False,9,912039
interaction_trap,robust_safe_joint,500.0,1311.0,38957.49549568928,10047.212343214462,0.3976,7.0,0.0,0.0,31.0,150.0,39.91251603943687,90.0,903.0,189.0,168.0,0.0,33.652060619375916,0.0003032799389778795,0.0,0.0,7.663777531056035,0.062,0.3,1.806,0.378,0.336,0.0,True,True,True,False,9,912039
calibrated,safe_exact_fixed,500.0,898.0,35913.70149875848,7944.966704685283,0.0,11.0,0.0,0.0,0.0,0.0,0.0,0.0,814.0,192.0,111.0,0.0,25.00438446956083,0.0,0.0,0.0,8.847401675596084,0.0,0.0,1.628,0.384,0.222,0.0,True,True,True,False,10,1012042
calibrated,best_fixed,500.0,849.0,28484.633205184935,13127.47285190739,1.1230831409016697,9.0,0.0,0.0,0.0,0.0,0.0,0.0,791.0,645.0,167.0,3.0,29.805544410010523,0.001322830554654499,0.0,0.0,15.462276621799047,0.0,0.0,1.582,1.29,0.334,0.006,True,True,True,False,10,1012042
calibrated,independent_thresholds,500.0,1395.0,52238.51091467845,12750.001132241463,1.0050994782248748,10.0,0.0,0.0,0.0,0.0,0.0,0.0,462.0,645.0,176.0,0.0,26.70443654641044,0.0007205014180823475,0.0,0.0,9.139785757879185,0.0,0.0,0.924,1.29,0.352,0.0,True,True,True,False,10,1012042
calibrated,myopic_voi,500.0,1103.0,31781.64964795046,11641.493433830248,7.699387244846471,9.0,1.0,0.0,18.0,0.0,22.694225418115582,0.0,606.0,493.0,245.0,32.0,34.70556161237938,0.006980405480368514,0.1111111111111111,0.0,10.554391145811648,0.036,0.0,1.212,0.986,0.49,0.064,False,False,True,False,10,1012042
calibrated,primal_dual_joint,500.0,1444.0,41543.78282832141,13798.189753999348,4.346868781027477,13.0,1.0,0.0,0.0,0.0,0.0,0.0,760.0,422.0,118.0,19.0,34.7585102196228,0.003010296939769721,0.07692307692307693,0.0,9.555533070636667,0.0,0.0,1.52,0.844,0.236,0.038,True,False,True,False,10,1012042
calibrated,exact_joint,500.0,1386.0,36799.82504911049,10210.805108935385,2.677294118816083,8.0,0.0,0.0,38.0,0.0,47.4777211581133,0.0,901.0,218.0,115.0,7.0,37.66322253299685,0.0019316696383954422,0.0,0.0,7.367103253200133,0.076,0.0,1.802,0.436,0.23,0.014,True,True,True,False,10,1012042
calibrated,robust_safe_joint,500.0,1347.0,37997.555165921716,10712.31666765287,0.789828954050098,10.0,0.0,0.0,44.0,107.0,54.84196599748091,90.0,833.0,271.0,122.0,0.0,35.44964917132519,0.000586361510059464,0.0,0.0,7.952722099222621,0.088,0.214,1.666,0.542,0.244,0.0,True,True,True,False,10,1012042
distribution_shift,safe_exact_fixed,500.0,880.0,43408.558802545966,9444.157356787871,0.0,7.0,0.0,0.0,0.0,0.0,0.0,0.0,643.0,215.0,157.0,0.0,20.272499808226456,0.0,0.0,0.0,10.731996996349853,0.0,0.0,1.286,0.43,0.314,0.0,True,True,True,False,10,1012042
distribution_shift,best_fixed,500.0,816.0,33311.06793919588,13549.840021628714,1.918013370809596,15.0,0.0,0.0,0.0,0.0,0.0,0.0,695.0,656.0,251.0,14.0,24.496362635070117,0.002350506581874505,0.0,0.0,16.60519610493715,0.0,0.0,1.39,1.312,0.502,0.028,True,True,True,False,10,1012042
distribution_shift,independent_thresholds,500.0,1200.0,54113.58659608942,11935.460730195413,6.33273265442103,12.0,0.0,0.0,0.0,0.0,0.0,0.0,521.0,589.0,281.0,15.0,22.175576883435024,0.005277277212017525,0.0,0.0,9.946217275162844,0.0,0.0,1.042,1.178,0.562,0.03,False,True,True,False,10,1012042
distribution_shift,myopic_voi,500.0,968.0,34059.02458222816,11123.985262572522,18.393169924058782,11.0,1.0,0.0,21.0,0.0,29.70309254424126,0.0,479.0,561.0,342.0,62.0,28.42124846126973,0.01900120859923428,0.09090909090909091,0.0,11.49172031257492,0.042,0.0,0.958,1.122,0.684,0.124,False,False,True,False,10,1012042
distribution_shift,primal_dual_joint,500.0,1315.0,50037.341726864106,14051.667530116296,5.728714609860711,10.0,2.0,0.0,0.0,0.0,0.0,0.0,758.0,480.0,229.0,11.0,26.280372909858265,0.004356436965673545,0.2,0.0,10.68567873012646,0.0,0.0,1.516,0.96,0.458,0.022,True,False,True,False,10,1012042
distribution_shift,exact_joint,500.0,1159.0,37524.03063244604,8902.59445670075,4.985048939588557,13.0,1.0,0.0,96.0,0.0,139.2642747495751,0.0,880.0,271.0,260.0,25.0,30.886873836997758,0.004301163882302465,0.07692307692307693,0.0,7.681272180069672,0.192,0.0,1.76,0.542,0.52,0.05,True,False,True,False,10,1012042
distribution_shift,robust_safe_joint,500.0,1194.0,42382.378908211576,10313.248800271509,0.6293399999999978,7.0,0.0,0.0,72.0,172.0,103.5545327608872,90.0,829.0,187.0,227.0,0.0,28.172085445837556,0.0005270854271356765,0.0,0.0,8.63756180927262,0.144,0.344,1.658,0.374,0.454,0.0,True,True,True,False,10,1012042
interaction_trap,safe_exact_fixed,500.0,879.0,39570.87038353882,10271.746367446938,0.0,16.0,0.0,0.0,0.0,0.0,0.0,0.0,545.0,252.0,181.0,0.0,22.213309727087964,0.0,0.0,0.0,11.685718279234287,0.0,0.0,1.09,0.504,0.362,0.0,True,True,True,False,10,1012042
interaction_trap,best_fixed,500.0,808.0,28883.649666051588,13268.859583193444,1.2534449990511836,8.0,0.0,0.0,0.0,0.0,0.0,0.0,757.0,690.0,250.0,5.0,27.97430412506641,0.0015512933156574054,0.0,0.0,16.421855919793867,0.0,0.0,1.514,1.38,0.5,0.01,True,True,True,False,10,1012042
interaction_trap,independent_thresholds,500.0,1244.0,49021.34058628082,9537.787581476938,3.436393870156319,15.0,0.0,0.0,0.0,0.0,0.0,0.0,771.0,424.0,256.0,13.0,25.376702985314676,0.00276237449369479,0.0,0.0,7.667031817907506,0.0,0.0,1.542,0.848,0.512,0.026,True,True,True,False,10,1012042
interaction_trap,myopic_voi,500.0,898.0,29878.08480875577,9602.660187962745,47.28060915415189,13.0,7.0,3.0,13.0,0.0,16.478741885743172,0.0,520.0,519.0,344.0,72.0,30.055473961866564,0.05265101242110455,0.5384615384615384,0.0033407572383073497,10.693385509980786,0.026,0.0,1.04,1.038,0.688,0.144,False,False,False,False,10,1012042
interaction_trap,primal_dual_joint,500.0,1370.0,43218.89245556706,13629.238647278049,5.501451515023753,10.0,3.0,0.0,0.0,0.0,0.0,0.0,868.0,380.0,208.0,14.0,31.699100142570387,0.004015658040163323,0.3,0.0,9.948349377575218,0.0,0.0,1.736,0.76,0.416,0.028,True,False,True,False,10,1012042
interaction_trap,exact_joint,500.0,1282.0,35502.91275203273,8800.378731600915,2.7292548485349255,10.0,1.0,0.0,62.0,0.0,80.05967095309299,0.0,952.0,206.0,192.0,3.0,36.10971327772533,0.0021289039380147624,0.1,0.0,6.864569993448452,0.124,0.0,1.904,0.412,0.384,0.006,True,False,True,False,10,1012042
interaction_trap,robust_safe_joint,500.0,1288.0,38844.20982102209,9895.689112991364,0.4070399999999997,7.0,0.0,0.0,35.0,142.0,45.14359756787944,90.0,935.0,189.0,157.0,0.0,33.158095014277976,0.00031602484472049666,0.0,0.0,7.682988441763481,0.07,0.284,1.87,0.378,0.314,0.0,True,True,True,False,10,1012042
calibrated,safe_exact_fixed,500.0,910.0,37656.87224172186,9289.59809275023,0.0,15.0,0.0,0.0,0.0,0.0,0.0,0.0,674.0,203.0,96.0,0.0,24.165575785441025,0.0,0.0,0.0,10.20834955247278,0.0,0.0,1.348,0.406,0.192,0.0,True,True,True,False,11,1112045
calibrated,best_fixed,500.0,862.0,28980.356308455557,13109.689296552478,1.2983313170805593,8.0,0.0,0.0,0.0,0.0,0.0,0.0,810.0,688.0,123.0,16.0,29.74428577844971,0.0015061848225992568,0.0,0.0,15.208456260501714,0.0,0.0,1.62,1.376,0.246,0.032,True,True,True,False,11,1112045
calibrated,independent_thresholds,500.0,1422.0,51742.55630494663,12236.080259506754,0.5960400000000009,4.0,0.0,0.0,0.0,0.0,0.0,0.0,518.0,617.0,158.0,0.0,27.48221389796421,0.0004191561181434606,0.0,0.0,8.604838438471697,0.0,0.0,1.036,1.234,0.316,0.0,True,True,True,False,11,1112045
calibrated,myopic_voi,500.0,1145.0,32573.61489992127,11370.795135604836,9.763806942436497,9.0,1.0,1.0,12.0,0.0,14.97333179729433,0.0,609.0,559.0,235.0,29.0,35.15114928195358,0.008527342307804801,0.1111111111111111,0.0008733624454148472,9.93082544594309,0.024,0.0,1.218,1.118,0.47,0.058,False,False,False,False,11,1112045
calibrated,primal_dual_joint,500.0,1385.0,39684.163524108066,13198.136298083802,4.492120956631967,11.0,3.0,0.0,0.0,0.0,0.0,0.0,846.0,379.0,149.0,20.0,34.900571840417264,0.003243408632947269,0.2727272727272727,0.0,9.529340287425129,0.0,0.0,1.692,0.758,0.298,0.04,True,False,True,False,11,1112045
calibrated,exact_joint,500.0,1339.0,35686.9159532325,9657.70462032754,3.297676416137867,8.0,1.0,0.0,48.0,0.0,60.41369905365496,0.0,903.0,212.0,132.0,1.0,37.520754154120574,0.0024627904526795122,0.125,0.0,7.212624809803988,0.096,0.0,1.806,0.424,0.264,0.002,True,False,True,False,11,1112045
calibrated,robust_safe_joint,500.0,1420.0,39136.81514793983,10857.367303293182,0.5827143663426841,12.0,0.0,0.0,32.0,91.0,39.95527492916959,90.0,872.0,158.0,101.0,0.0,36.28297281299726,0.00041036222981879165,0.0,0.0,7.6460333121782975,0.064,0.182,1.744,0.316,0.202,0.0,True,True,True,False,11,1112045
distribution_shift,safe_exact_fixed,500.0,893.0,43190.87060171821,9024.296810455075,0.0,6.0,0.0,0.0,0.0,0.0,0.0,0.0,680.0,214.0,147.0,0.0,20.67566565709548,0.0,0.0,0.0,10.105595532424495,0.0,0.0,1.36,0.428,0.294,0.0,True,True,True,False,11,1112045
distribution_shift,best_fixed,500.0,807.0,33998.79632842098,13798.189871590064,4.665458528965908,11.0,2.0,2.0,0.0,0.0,0.0,0.0,667.0,696.0,219.0,37.0,23.736134426776623,0.0057812373345302445,0.18181818181818182,0.0024783147459727386,17.098128713246673,0.0,0.0,1.334,1.392,0.438,0.074,False,False,False,False,11,1112045
distribution_shift,independent_thresholds,500.0,1220.0,50779.44819133608,10399.084397726157,4.459530127650232,10.0,1.0,0.0,0.0,0.0,0.0,0.0,661.0,494.0,259.0,11.0,24.025467850754524,0.003655352563647731,0.1,0.0,8.523839670267343,0.0,0.0,1.322,0.988,0.518,0.022,True,False,True,False,11,1112045
distribution_shift,myopic_voi,500.0,943.0,32703.410075604508,10287.821565392675,23.735944990815458,12.0,5.0,3.0,44.0,0.0,63.69451749567739,0.0,537.0,524.0,365.0,59.0,28.83491347905159,0.02517067337308108,0.4166666666666667,0.003181336161187699,10.909672921943452,0.088,0.0,1.074,1.048,0.73,0.118,False,False,False,False,11,1112045
distribution_shift,primal_dual_joint,500.0,1339.0,52182.15390763975,12828.587906413366,5.187352824283758,9.0,4.0,1.0,0.0,0.0,0.0,0.0,851.0,485.0,247.0,19.0,25.660113654372612,0.0038740499061118436,0.4444444444444444,0.0007468259895444362,9.580722857664949,0.0,0.0,1.702,0.97,0.494,0.038,True,False,False,False,11,1112045
distribution_shift,exact_joint,500.0,1214.0,39335.93610276675,8916.112168584294,4.310309331219151,8.0,1.0,0.0,80.0,0.0,116.7902943056634,0.0,925.0,267.0,215.0,6.0,30.862364552056807,0.0035505019202793663,0.125,0.0,7.34440870558838,0.16,0.0,1.85,0.534,0.43,0.012,True,False,True,False,11,1112045
distribution_shift,robust_safe_joint,500.0,1139.0,41393.63723980871,9912.487141006968,2.530550156663086,12.0,2.0,0.0,76.0,210.0,110.42816443356755,90.0,795.0,253.0,254.0,9.0,27.51630627193619,0.0022217297249017436,0.16666666666666666,0.0,8.702798192280042,0.152,0.42,1.59,0.506,0.508,0.018,True,False,True,False,11,1112045
interaction_trap,safe_exact_fixed,500.0,902.0,38059.686641655,8525.457503815958,0.0,8.0,0.0,0.0,0.0,0.0,0.0,0.0,752.0,182.0,93.0,0.0,23.69961709071962,0.0,0.0,0.0,9.4517267226341,0.0,0.0,1.504,0.364,0.186,0.0,True,True,True,False,11,1112045
interaction_trap,best_fixed,500.0,860.0,29991.660156636037,13406.865076107282,3.6754529941903415,15.0,1.0,0.0,0.0,0.0,0.0,0.0,746.0,652.0,156.0,47.0,28.674638066333053,0.004273782551384118,0.06666666666666667,0.0,15.589377995473583,0.0,0.0,1.492,1.304,0.312,0.094,True,False,True,False,11,1112045
interaction_trap,independent_thresholds,500.0,1194.0,51769.17048597909,10292.789260369205,2.8880972491053925,16.0,1.0,0.0,0.0,0.0,0.0,0.0,672.0,516.0,260.0,7.0,23.06391987338057,0.0024188419171736956,0.0625,0.0,8.620426516222116,0.0,0.0,1.344,1.032,0.52,0.014,True,False,True,False,11,1112045
interaction_trap,myopic_voi,500.0,985.0,31871.18761722782,10433.979824593302,41.50961145285287,12.0,5.0,4.0,10.0,0.0,13.000443642798546,0.0,520.0,539.0,327.0,86.0,30.90565722965287,0.042141737515586676,0.4166666666666667,0.0040609137055837565,10.592872918368833,0.02,0.0,1.04,1.078,0.654,0.172,False,False,False,False,11,1112045
interaction_trap,primal_dual_joint,500.0,1361.0,42449.47189245393,13224.623031964016,5.2298192000473565,10.0,0.0,0.0,0.0,0.0,0.0,0.0,814.0,440.0,211.0,23.0,32.06164739688881,0.003842629831041408,0.0,0.0,9.71684278616019,0.0,0.0,1.628,0.88,0.422,0.046,True,True,True,False,11,1112045
interaction_trap,exact_joint,500.0,1288.0,35578.528526833026,9019.329861069251,3.25828248598102,6.0,0.0,0.0,62.0,0.0,79.95747997807547,0.0,926.0,242.0,196.0,1.0,36.20160960362937,0.002529722427003898,0.0,0.0,7.00258529586122,0.124,0.0,1.852,0.484,0.392,0.002,True,True,True,False,11,1112045
interaction_trap,robust_safe_joint,500.0,1225.0,37516.31515581725,9724.815255211568,0.40954000000000007,12.0,0.0,0.0,30.0,172.0,38.71219812725393,90.0,866.0,259.0,197.0,0.0,32.652460533828645,0.00033431836734693884,0.0,0.0,7.938624698131893,0.06,0.344,1.732,0.518,0.394,0.0,True,True,True,False,11,1112045
