scenario,policy,replications,rounds,committed_tokens,wall_time_ms,ppl_loss_total,hard_ends,hard_violations,catastrophes,measurement_count,fallback_count,committed_tokens_per_second,replicate_mean_tokens_per_second,tokens_per_second_se,tokens_per_second_ci95_low,tokens_per_second_ci95_high,ppl_loss_per_token,replicate_mean_ppl_loss_per_token,ppl_loss_per_token_se,ppl_loss_per_token_ci95_low,ppl_loss_per_token_ci95_high,hard_violation_probability,hard_violation_wilson95_low,hard_violation_wilson95_high,replicate_mean_hard_violation_probability,hard_violation_replicate_se,hard_violation_replicate_ci95_low,hard_violation_replicate_ci95_high,catastrophe_per_token,catastrophe_wilson95_low,catastrophe_wilson95_high,bytes_per_token_mb,measurement_fraction,fallback_fraction,measurement_time_fraction,guard_time_fraction,mean_cache_level,mean_io_queue,hidden_hard_fraction,debt_and_queue2_fraction,ood_latched_replication_fraction,ppl_constraint_met_point,ppl_constraint_met_ci95,hard_constraint_met_point,hard_constraint_met_wilson95,catastrophe_constraint_met_point,catastrophe_constraint_met_wilson95
calibrated,best_fixed,12,6000,10279,347452.08001352195,15.107557036947394,122,4,0,0,0,29.583935717408767,29.587457870245743,0.16326900036828904,29.228105223332143,29.946810517159342,0.0014697496874158376,0.0014775420541798517,0.0002589097330511586,0.0009076855739309639,0.0020473985344287393,0.03278688524590164,0.012822598471338105,0.08127563379380506,0.024688852813852812,0.013834630087829562,-0.005760962704817338,0.05513866833252296,0.0,0.0,0.00037357950485552736,15.499592308444782,0.0,0.0,0.0,0.0,1.5468333333333333,1.3296666666666668,0.2966666666666667,0.013,0.0,True,True,True,False,True,False
calibrated,exact_joint,12,6000,16020,427319.65511352796,28.649411427513606,138,4,1,540,0,37.48949950767861,37.486527193435506,0.114866745034364,37.23370719222684,37.739347194644175,0.001788352773253034,0.001790869724456543,0.00013773451481412287,0.0014877181013182366,0.0020940213475948493,0.028985507246376812,0.011328415842255964,0.07215534778473304,0.0327991452991453,0.014745876932600495,0.00034368899795399893,0.06525460160033661,6.242197253433208e-05,1.101909590468244e-05,0.00035352887068035624,7.141369627868507,0.09,0.0,0.0015826196576968926,0.0,1.8445,0.377,0.29683333333333334,0.007833333333333333,0.0,True,True,True,False,True,False
calibrated,independent_thresholds,12,6000,16299,588666.4665344863,13.266953611791827,106,1,1,0,0,27.68800488322897,27.704379958051295,0.16640293481104507,27.338129567936488,28.0706303481661,0.0008139734714885469,0.0008184438587059154,0.00011754311832313959,0.0005597331996057896,0.0010771545178060412,0.009433962264150943,0.0016672717027588942,0.051513548029704384,0.009259259259259259,0.00925925925925926,-0.011120232963811472,0.02963875148232999,6.135345726731701e-05,1.0830473838133772e-05,0.00034747877154397023,8.520164709376166,0.0,0.0,0.0,0.0,1.1658333333333333,1.1393333333333333,0.36983333333333335,0.007333333333333333,0.0,True,True,True,False,True,True
calibrated,myopic_voi,12,6000,13594,385669.2186473978,102.92791848342702,103,19,6,188,0,35.24782207840253,35.23914198087227,0.17904533330694644,34.84506585928002,35.63321810246452,0.007571569698648449,0.0075934777116515,0.0003526744544628389,0.006817246471035377,0.008369708952267622,0.18446601941747573,0.12139537223023855,0.27022656257424815,0.19520502645502644,0.02826238697112891,0.13299993214280442,0.25741012076724845,0.00044137119317345886,0.00020229957878114472,0.0009626984739368497,10.035524041076622,0.03133333333333333,0.0,0.0006101182997404881,0.0,1.2891666666666666,1.065,0.4666666666666667,0.06616666666666667,0.0,False,False,False,False,False,False
calibrated,primal_dual_joint,12,6000,15926,462943.62716834614,52.33625323619423,123,11,0,0,0,34.401596793573795,34.39456284678611,0.26519567937033034,33.81087109197159,34.978254601600625,0.0032862145696467555,0.0032912165506456727,6.047200896345783e-05,0.0031581185563161734,0.003424314544975172,0.08943089430894309,0.05067093036620062,0.1530594513319804,0.09881345506345506,0.025291055817991924,0.04314821652500553,0.15447869360190458,0.0,0.0,0.0002411485908773452,9.644679430105661,0.0,0.0,0.0,0.0,1.5636666666666668,0.8048333333333333,0.3446666666666667,0.026833333333333334,0.0,True,True,False,False,True,True
calibrated,robust_safe_joint,12,6000,16414,458769.2567895494,5.6179833203927805,104,0,0,443,1353,35.778334657523864,35.77066901621561,0.22761699946992553,35.269687378197716,36.2716506542335,0.00034226777874940784,0.00034221980782704007,2.3821625596070977e-05,0.0002897887634008287,0.00039465085225325145,0.0,0.0,0.0356213543724519,0.0,0.0,0.0,0.0,0.0,0.0,0.00023398074773284223,7.601414719399231,0.07383333333333333,0.2255,0.0012057239934473096,0.002354124614970499,1.7925,0.4031666666666667,0.25333333333333335,0.0,0.0,True,True,True,False,True,True
calibrated,safe_exact_fixed,12,6000,10859,449273.011436738,0.0,130,0,0,0,0,24.170158731043767,24.178081803669333,0.13768994694919715,23.875028273740345,24.48113533359832,0.0,0.0,0.0,0.0,0.0,0.0,0.0,0.02870156119443141,0.0,0.0,0.0,0.0,0.0,0.0,0.00035363296382962813,10.092699071364112,0.0,0.0,0.0,0.0,1.3783333333333334,0.36583333333333334,0.19483333333333333,0.0,0.0,True,True,True,True,True,False
distribution_shift,best_fixed,12,6000,9847,400134.1790547917,35.03287384005462,136,10,5,0,0,24.609244886954826,24.61671885252093,0.1779412123053046,24.225072884868236,25.00836482017362,0.0035577205077744105,0.0035699493567444705,0.00045642019812267974,0.0025653752739103666,0.0045745234395785745,0.07352941176470588,0.040427341245736846,0.13006186146820106,0.07537878787878788,0.026682291654318093,0.016651459910396772,0.134106115847179,0.0005077688636132832,0.00021690739387843054,0.0011881968176303366,16.40672641831063,0.0,0.0,0.0,0.0,1.4411666666666667,1.3486666666666667,0.4578333333333333,0.03883333333333333,0.0,True,False,False,False,False,False
distribution_shift,exact_joint,12,6000,13866,453278.101547283,57.26757347424674,126,11,4,979,0,30.59049169299786,30.581644751679647,0.21959083913952543,30.09832857344148,31.064960929917813,0.004130071648222035,0.004130280427865109,0.0002478908428655875,0.0035846763613953427,0.004675884494334875,0.0873015873015873,0.04944684363252965,0.14957632705118964,0.09178668553668552,0.02488932136251771,0.03700565857303224,0.14656771250033881,0.0002884754074715131,0.0001121879903714632,0.000741567898320646,7.621561113800439,0.16316666666666665,0.0,0.0031385257303399423,0.0,1.7886666666666666,0.5463333333333333,0.4876666666666667,0.019,0.0,True,False,False,False,True,False
distribution_shift,independent_thresholds,12,6000,14692,649329.4194084763,61.94216751654464,126,11,3,0,0,22.626419750677652,22.632528702173868,0.2009162563717761,22.19031500347842,23.074742400869315,0.00421604733981382,0.004213583412589264,0.0003683599468696642,0.0034028286359569886,0.005024338189221539,0.0873015873015873,0.04944684363252965,0.14957632705118964,0.09842047930283225,0.03759874219239746,0.015666205699254074,0.18117475290641044,0.00020419275796351757,6.944633956331467e-05,0.0006002301024608413,9.500599835051972,0.0,0.0,0.0,0.0,1.147,1.1346666666666667,0.5158333333333334,0.038,0.0,True,False,False,False,True,False
distribution_shift,myopic_voi,12,6000,11520,401127.72978829243,216.28263077628012,104,28,14,377,0,28.719031731064906,28.719478750272387,0.128790019832206,28.436013827853795,29.00294367269098,0.018774533921552095,0.018815949762974273,0.0008368608509078827,0.016974031449064363,0.020657868076884182,0.2692307692307692,0.19333261217600778,0.36156955138050845,0.2803030303030302,0.06040348663489093,0.14735585260184164,0.4132502080042188,0.0012152777777777778,0.0007240787792646234,0.002039015362083678,10.967373106855455,0.06283333333333334,0.0,0.0013627465344284036,0.0,1.0876666666666666,1.0753333333333333,0.6735,0.11216666666666666,0.0,False,False,False,False,False,False
distribution_shift,primal_dual_joint,12,6000,15269,582995.2551218092,60.460483384987334,133,18,1,0,0,26.190607669370728,26.2323281631613,0.28046229724907107,25.615034808950885,26.849621517371713,0.003959688478943436,0.00395576176209997,0.00013197805511730004,0.0036652800213290366,0.004246243502870904,0.13533834586466165,0.08735264873505283,0.20379784881188662,0.1517154142154142,0.03677636114936575,0.0707711890834895,0.2326596393473389,6.549217368524462e-05,1.1561070361968984e-05,0.0003709125404879912,10.517774959000468,0.0,0.0,0.0,0.0,1.5816666666666668,0.9223333333333333,0.5011666666666666,0.0365,0.0,True,True,False,False,True,False
distribution_shift,robust_safe_joint,12,6000,13837,503691.8734384121,19.734380010031753,125,3,2,908,2410,27.47115990882051,27.46885865184696,0.23533264470257412,26.950894993171477,27.986822310522445,0.0014262036575870313,0.001431970997416104,0.00015825550413957508,0.0010836529813020783,0.0017802890135301297,0.024,0.008195256526549594,0.06818899828377718,0.022222222222222223,0.015533895453767372,-0.011967651149934738,0.05641209559437918,0.0001445400014454,3.9638976762557056e-05,0.0005269059724028568,8.637938232679646,0.15133333333333332,0.40166666666666667,0.0026194587521468295,0.0021441680061809747,1.6606666666666667,0.47333333333333333,0.4656666666666667,0.0055,0.0,True,True,True,False,True,False
distribution_shift,safe_exact_fixed,12,6000,10647,513414.27759604325,0.0,124,0,0,0,0,20.737639104725307,20.749598496121127,0.153868023702966,20.41093725933827,21.088259732903985,0.0,0.0,0.0,0.0,0.0,0.0,0.0,0.03004861534067768,0.0,0.0,0.0,0.0,0.0,2.710505431213761e-20,0.0003606718619882138,9.930285276518761,0.0,0.0,0.0,0.0,1.4175,0.47433333333333333,0.336,0.0,0.0,True,True,True,True,True,False
interaction_trap,best_fixed,12,6000,10114,357462.0557238605,22.932018013445962,125,4,0,0,0,28.293912145497945,28.29469727634537,0.11722599903008034,28.036684592103246,28.552709960587496,0.002267353966130706,0.0022592372317895666,0.0003378939331389182,0.0015155376992658112,0.003002936764313322,0.032,0.012513139138693473,0.07939406937230006,0.025925925925925925,0.014169444722222771,-0.005260811634425187,0.05711266348627704,0.0,0.0,0.00037967177449150033,15.880780119369126,0.0,0.0,0.0,0.0,1.5,1.3525,0.351,0.028833333333333332,0.0,True,True,True,False,True,False
interaction_trap,exact_joint,12,6000,15480,428922.0330709257,31.775144965035334,109,3,0,556,0,36.09047520634189,36.085131181308675,0.13278507463054676,35.79287320256518,36.37738916005217,0.0020526579434777346,0.002066682014290835,0.00022179145705189326,0.0015785223086845156,0.002554841719897154,0.027522935779816515,0.009403855861672236,0.07781106428866251,0.02800925925925926,0.014708391688780333,-0.004363692576561447,0.06038221109507997,0.0,0.0,0.0002480946883181729,7.0630497319847105,0.09266666666666666,0.0,0.0016709842815422651,0.0,1.8486666666666667,0.43133333333333335,0.3636666666666667,0.0045,0.0,True,True,True,False,True,True
interaction_trap,independent_thresholds,12,6000,14749,617670.8711008175,40.187799289409725,139,11,2,0,0,23.87841274385212,23.919779006359732,0.32990870249827375,23.193654847975946,24.64590316474352,0.0027247812929289935,0.0027079239694938503,0.00017288520604565844,0.002327406196587971,0.0030884417423997297,0.07913669064748201,0.04476127979457861,0.1361487937515923,0.09640151515151514,0.028800543798325712,0.03301194564883096,0.15979108465419933,0.00013560241372296427,3.718786058159277e-05,0.0004943340731815963,8.407411489522875,0.0,0.0,0.0,0.0,1.4053333333333333,0.9596666666666667,0.5085,0.02666666666666667,0.0,True,True,False,False,True,False
interaction_trap,myopic_voi,12,6000,11336,370931.12758242013,492.40480459242906,114,52,31,144,0,30.560929393775844,30.54197303816031,0.3228005543774292,29.831493808306234,31.252452268014387,0.043437262225867065,0.043800209928576396,0.0022898565268545863,0.03876026969423047,0.04884015016292232,0.45614035087719296,0.36763141552433765,0.5475088067702976,0.44517889517889514,0.04307243645928287,0.3503771017230235,0.5399806886347668,0.002734650670430487,0.001927281993128462,0.003878924298184311,10.826051207440821,0.024,0.0,0.0004983773868936049,0.0,1.0516666666666667,1.0355,0.6855,0.1445,0.0,False,False,False,False,False,False
interaction_trap,primal_dual_joint,12,6000,16573,561603.1428085999,59.98591172811371,132,17,2,0,0,29.510162491466417,29.980552319437,0.9047135859253729,27.98929114268196,31.971813496192038,0.0036194962727396193,0.0036393034527648165,0.00017793660540614816,0.0032476676248288025,0.0040309392807008305,0.12878787878787878,0.0819866552420015,0.19658410768423812,0.14658882783882785,0.04526165012214807,0.04696860759872003,0.24620904807893568,0.00012067821154890484,3.309494219918863e-05,0.0004399420256799732,9.774518916235783,0.0,0.0,0.0,0.0,1.684,0.8726666666666667,0.389,0.04416666666666667,0.0,True,True,False,False,True,False
interaction_trap,robust_safe_joint,12,6000,15435,463201.46197126305,6.58732686490999,102,2,0,405,1723,33.32243368644114,33.31645436054834,0.22340329354477798,32.82474702674069,33.808161694355995,0.0004267785464794292,0.00042525133496601535,5.086768887818344e-05,0.0003132923066169751,0.0005372103633150555,0.0196078431372549,0.005393752169586291,0.06869308401034892,0.03819444444444444,0.028766342400566355,-0.025119848289316994,0.10150873717820588,0.0,0.0,0.0002488178164754311,7.849514690241978,0.0675,0.2871666666666667,0.0011270883767670326,0.0023315988585264937,1.7723333333333333,0.43233333333333335,0.3335,0.0,0.0,True,True,True,False,True,True
interaction_trap,safe_exact_fixed,12,6000,10793,461640.77825496724,0.0,141,0,0,0,0,23.37965038703525,23.39071576543753,0.16064779440409954,23.037132353952654,23.744299176922407,0.0,0.0,0.0,0.0,0.0,0.0,0.0,0.026521818075925633,0.0,0.0,0.0,0.0,0.0,0.0,0.0003557946863761501,10.110638756556583,0.0,0.0,0.0,0.0,1.368,0.44233333333333336,0.26516666666666666,0.0,0.0,True,True,True,True,True,False
