scenario,token,observed,operator_bound,online_bound,online_realized_bound,diagonal_bound,structural_bound,transition_bound,A_norm,B_norm,spectral_radius_A,coefficient_error,update_error,rounding_error,rounding_bound,state_bound,energy_identity_error,driven_energy_identity_error,decomposition_error,approx_decomposition_error
contractive,1,0.002616508278189463,0.0026995486903471566,0.003773906933421198,0.0037412430195471677,nan,0.0026995486903471566,0.002616508278189463,0.9057509725434653,1.0,0.905637886048631,0.0,0.0026195486903471564,4.733608612596969e-05,8e-05,0.3531086636780985,0.0,4.163336342344337e-17,6.776263578034403e-21,6.776263578034403e-21
contractive,2,0.002262796307314099,0.0032350236446356978,0.005014558537062788,0.004946629901074288,nan,0.0032574383571731874,0.002957080563576067,0.8955841964319865,1.0,0.8955559866153608,0.00018600337132429904,0.0005513471287378188,4.131433999886231e-05,8e-05,0.4052218257587265,8.470329472543003e-22,1.3877787807814457e-17,3.5392399057298344e-17,3.532786914251531e-17
contractive,3,0.002033828968725385,0.0040002412046659585,0.006576940901653991,0.00648204689910856,nan,0.004025462476172443,0.0035356401438370773,0.8731643411036321,1.0,0.8731626130845235,0.00010602379040940745,0.0009895101251335516,4.441228252932732e-05,8e-05,0.4149130049136052,0.0,0.0,2.8705496044362426e-17,2.8646831396142934e-17
contractive,4,0.003603023370521195,0.007062909885662301,0.011890354250328344,0.011773321153131395,nan,0.007094225646837255,0.0060834428482645095,0.8725798119668041,1.0,0.8725701905005578,0.0003298029670002099,0.0031625772004728074,4.581209620174588e-05,8e-05,0.7694494754594301,1.2705494208814505e-21,5.551115123125783e-17,4.5779329910042985e-17,4.579025103281231e-17
contractive,5,0.0038727921409162027,0.010234503862245167,0.01697311978796946,0.016834604742684584,nan,0.010308024124069854,0.008142653015225015,0.8812244965165019,1.0,0.8811242954299028,0.0011170474818994651,0.0028134471724115167,4.461048510142506e-05,8e-05,0.9379472839272163,1.6940658945086007e-21,0.0,5.82742759033158e-17,5.823564009657954e-17
contractive,6,0.003755891307465531,0.011837004829845394,0.020552867229201643,0.0203952055867942,nan,0.011982350348983784,0.008776369507719263,0.8801223633860533,1.0,0.8799968821404638,0.0007471002185650289,0.002002288883957457,4.430340067375538e-05,8e-05,0.8829595791746331,1.6940658945086007e-21,1.6653345369377348e-16,1.132913294432464e-16,1.1328712754955667e-16
contractive,7,0.0038463236570784325,0.015019517926483863,0.02607301190243637,0.02589209730381385,nan,0.015190255919666567,0.010689503961992256,0.9044170258219406,1.0,0.9043147941197957,0.0014080978232698465,0.002825831400365299,4.166068927626272e-05,8e-05,0.8765043892943986,1.6940658945086007e-21,0.0,7.247065096161845e-17,7.258914462194488e-17
contractive,8,0.0032092945833951387,0.01467954849231904,0.02566586503473449,0.02546484116652649,nan,0.0148544076570661,0.009836353508564087,0.9047818259087184,1.0,0.9047816583614071,0.00025370000951973937,0.0007564616290065035,4.2588390423997635e-05,8e-05,0.8316531350492585,1.6940658945086007e-21,5.551115123125783e-17,6.520234848965201e-17,6.524342658087175e-17
contractive,9,0.0040332975625965465,0.016801060097156522,0.02961813529365281,0.029406071929893394,nan,0.01699122352667778,0.011876935067713524,0.8998776271736912,1.0,0.8998087838001683,0.0004733500810712522,0.0030379127508360733,4.8788614077634894e-05,8e-05,0.9848695646564956,8.470329472543003e-22,2.220446049250313e-16,7.211510619165806e-17,7.207659802783019e-17
contractive,10,0.005761678823932374,0.019277455672415643,0.03538541150259131,0.035175170952542134,nan,0.019475548738182337,0.014234774208263239,0.8465737950306788,1.0,0.8465715297676586,0.0007202422451374825,0.00425387622028986,4.919304441651732e-05,8e-05,1.0716985182428174,5.082197683525802e-21,1.1102230246251565e-16,9.100338783411375e-17,9.095326583617112e-17
contractive,11,0.005045673042933197,0.01993216506649712,0.036659194006109466,0.03643603212263893,nan,0.020410730058141736,0.01368333892723866,0.8872415626419389,1.0,0.8868371164809714,0.001055310635210821,0.0016930945367315334,4.3385653797376764e-05,8e-05,1.0722804184861998,6.776263578034403e-21,5.551115123125783e-17,7.775406213995332e-17,7.770541946943812e-17
contractive,12,0.004620847762082551,0.02123849622902106,0.03999288136650475,0.039755708938138026,nan,0.021675676468413528,0.014430398088864805,0.9008402677932098,1.0,0.9008341799015651,0.000997679653685154,0.0022051196591341845,4.393032589537762e-05,8e-05,0.9972493253170494,1.6940658945086007e-21,5.551115123125783e-17,7.748499385819294e-17,7.760279296389334e-17
contractive,13,0.004959621987546772,0.02280063600258536,0.043657578303730064,0.0434157916479776,nan,0.023186517615598725,0.015285268127927546,0.8808210110423339,1.0,0.8808197874653743,0.000633657303670297,0.0033796649774499384,4.7221336840927784e-05,8e-05,1.055746226738592,3.3881317890172014e-21,5.551115123125783e-17,6.555045952854514e-17,6.566573804235059e-17
contractive,14,0.004827124419577811,0.023652211531973444,0.04529279976217698,0.045048667938389186,nan,0.024123352265939816,0.015363678303787655,0.8790525921691114,1.0,0.879022102440947,0.0010263510443299948,0.002502902306466418,4.840140455119196e-05,8e-05,1.0290307670506476,3.3881317890172014e-21,1.1102230246251565e-16,7.595870029906312e-17,7.609739804450992e-17
contractive,15,0.004677176271005883,0.024366189352699314,0.04644446561094441,0.046196541448662046,nan,0.02480140077124283,0.01477834896972989,0.894531734741773,1.0,0.8945244652144254,0.0005953472991011769,0.002533188241422563,5.0303380855551445e-05,8e-05,1.0673140369095162,5.082197683525802e-21,1.6653345369377348e-16,6.886323509161257e-17,6.879945182793278e-17
contractive,16,0.004257173325739959,0.024087054265591958,0.045919737757817006,0.04566253636061227,nan,0.024482840759247518,0.013674960720536616,0.9047227422799141,1.0,0.9047223132896678,0.0005312341407447047,0.0014311744747614833,4.6950819872837586e-05,8e-05,1.033529082934814,1.6940658945086007e-21,5.551115123125783e-17,8.847902007504975e-17,8.848244727095699e-17
contractive,17,0.003846794747873692,0.02320090215738742,0.04582446768498527,0.04556439710509139,nan,0.023544052839082726,0.013137110849191268,0.8636706361354113,1.0,0.8636704063368836,0.00039103472078371327,0.0019265859564117284,4.201565989334127e-05,8e-05,0.9525370005659635,5.082197683525802e-21,2.7755575615628914e-17,6.497150839366789e-17,6.506484997433698e-17
contractive,18,0.0034557681217432332,0.021756069236450334,0.042371141760972855,0.042132000587307886,nan,0.022735573987115162,0.01228480000984335,0.8105209065970517,1.0,0.8101067853669964,0.000534500244514081,0.0023367527414611096,5.159968706515401e-05,8e-05,1.0037510256616322,1.6940658945086007e-21,5.551115123125783e-17,8.074561623330269e-17,8.064635207260206e-17
contractive,19,0.003003580591066074,0.021603262335984835,0.041722012790502666,0.04147607667008524,nan,0.022702722212008104,0.01162376671365098,0.8985333155116773,1.0,0.8985327759937268,0.0004542654393297015,0.0015204438731258117,4.897864903970541e-05,8e-05,0.9991820298080959,8.470329472543003e-22,1.1102230246251565e-16,6.432110735757815e-17,6.436985530666425e-17
contractive,20,0.0025300142596629033,0.020165684378862632,0.03926353942787397,0.039013557492267724,nan,0.021126128384568225,0.010585319638743292,0.8733691435576001,1.0,0.8733691079172811,0.00020373159747473052,0.0010143300569586658,4.491476364916891e-05,8e-05,0.9845717659647437,1.6940658945086007e-21,0.0,8.848020752990865e-17,8.850407961428641e-17
contractive,21,0.002111451039667301,0.019719652907895607,0.03873803297338295,0.038480237091345196,nan,0.020628416566803035,0.010388846601932705,0.9064315967927805,1.0,0.9064162616593396,0.0002852747369896678,0.0010755646789542522,4.8868920493835086e-05,8e-05,0.9366274061530505,1.2705494208814505e-21,2.7755575615628914e-17,5.230040331257509e-17,5.232872422253553e-17
contractive,22,0.0021895180170791225,0.018835569420249762,0.03737599533550158,0.037112637188200376,nan,0.019651618912408804,0.009710582127719296,0.8752474176483861,1.0,0.8752402496919803,0.00031258741755855215,0.0011834067181330913,4.247629919300924e-05,8e-05,0.8762931781558817,8.470329472543003e-22,0.0,4.9224352449801934e-17,4.924045633640388e-17
contractive,23,0.0020386032216602665,0.01767782691522501,0.03522931421518686,0.03496485556131889,nan,0.018397844806396384,0.008263071029689081,0.8751223554091522,1.0,0.8751212301404981,0.00027847648646455277,0.0008359225522388904,4.604503226571051e-05,8e-05,0.7894793189668087,1.2705494208814505e-21,6.938893903907228e-17,2.893921631793442e-17,2.8912495320688104e-17
contractive,24,0.003694757969929829,0.019179367362687466,0.037988086326655894,0.03770939029646476,nan,0.01985475808582632,0.01000052278894691,0.9067791089357589,1.0,0.9067724067691016,0.00044543972396575063,0.0026240435006134053,4.1178289945269384e-05,8e-05,0.8802886538250524,4.235164736271502e-22,5.551115123125783e-17,3.6501881489010915e-17,3.653267394792589e-17
contractive-fp8,1,0.011707329798516592,0.06511954869034715,0.0661939069334212,0.015305864169628992,nan,0.06511954869034715,0.011707329798516592,0.9057509725434653,1.0,0.905637886048631,0.0,0.0026195486903471564,0.011611957236207794,0.0625,0.3531086636780985,0.0,4.163336342344337e-17,0.0,0.0
contractive-fp8,2,0.016075781771270697,0.12156099306957516,0.1233172236754366,0.02565604673924128,nan,0.12210168936065688,0.020826486269128548,0.8955841964319865,1.0,0.8955559866153608,0.00018960725497917138,0.0005513471287378188,0.010397289153459385,0.0625,0.4052218257587265,2.710505431213761e-20,1.3877787807814457e-17,3.218826183256322e-17,3.2143035329082817e-17
contractive-fp8,3,0.012239106069934521,0.16973946501064263,0.17228315417094092,0.03073102609172624,nan,0.17042334900578132,0.02439766120273898,0.8731643411036321,1.0,0.8731626130845235,0.00010723046801031003,0.0009895101251335516,0.00621267248434845,0.0625,0.4149130049136052,2.710505431213761e-20,0.0,3.291326267713383e-17,3.311373201359983e-17
contractive-fp8,4,0.016162816374604046,0.2766128436044418,0.28147664418880197,0.045062999647942845,nan,0.27760366162147343,0.03360899324831965,0.8725798119668041,1.0,0.8725701905005578,0.0003390359416365263,0.0031625772004728074,0.012165434348822543,0.125,0.7694494754594301,1.3552527156068805e-20,5.551115123125783e-17,4.177954752773038e-17,4.1609523318517915e-17
contractive-fp8,5,0.025114832491932693,0.37269973894151787,0.3794432641543548,0.06311509579388895,nan,0.3753699227705297,0.04616862228120339,0.8812244965165019,1.0,0.8811242954299028,0.0011282779337842043,0.0028134471724115167,0.01699138455033513,0.125,0.9379472839272163,8.131516293641283e-20,0.0,9.74242152025702e-17,9.799824795935702e-17
contractive-fp8,6,0.028717509757016733,0.4557923903746326,0.46463449102518856,0.07959488782215442,nan,0.46107896208923904,0.0579387939774406,0.8801223633860533,1.0,0.8799968821404638,0.0007687264201013556,0.002002288883957457,0.018493162696400292,0.125,0.8829595791746331,5.421010862427522e-20,1.6653345369377348e-16,9.297503436487888e-17,9.286715363525021e-17
contractive-fp8,7,0.02811423816612207,0.5414923011137049,0.5525812764699723,0.09618576109492849,nan,0.5477852484137573,0.06758316694952621,0.9044170258219406,1.0,0.9043147941197957,0.0014400716184415003,0.002825831400365299,0.01680035167825187,0.125,0.8765043892943986,1.0842021724855044e-19,0.0,6.526189303155904e-17,6.462733703010546e-17
contractive-fp8,8,0.03166845040813034,0.553441773024488,0.5642398460301932,0.10189541082836143,nan,0.5598704002486696,0.0709459233960792,0.9047818259087184,1.0,0.9047816583614071,0.0002529184783100399,0.0007564616290065035,0.012902251182662713,0.0625,0.8316531350492585,0.0,5.551115123125783e-17,7.249566896177316e-17,7.251447048986112e-17
contractive-fp8,9,0.032908716702536624,0.6265345166979924,0.6390685074473592,0.11749720348303068,nan,0.633556180108222,0.08179818749202546,0.8998776271736912,1.0,0.8998087838001683,0.00046673445907944114,0.0030379127508360733,0.01937883316906504,0.125,0.9848695646564956,3.2526065174565133e-19,2.220446049250313e-16,7.919841306593072e-17,7.847354662867763e-17
contractive-fp8,10,0.032993575776348524,0.660387669425688,0.6759808633361992,0.12998437921154465,nan,0.6677155951839261,0.08825277651245364,0.8465737950306788,1.0,0.8465715297676586,0.0007260896866666718,0.00425387622028986,0.020321677491654602,0.125,1.0716985182428174,1.0842021724855044e-19,1.1102230246251565e-16,8.945831721898802e-17,8.958042994360675e-17
contractive-fp8,11,0.029243115366360803,0.6511677683102469,0.6674828815756108,0.13518785227113983,nan,0.6680511452644299,0.08795060904998607,0.8872415626419389,1.0,0.8868371164809714,0.0010512860027998016,0.0016930945367315334,0.014670500521125692,0.0625,1.0722804184861998,0.0,5.551115123125783e-17,9.25254068648918e-17,9.162575281228962e-17
contractive-fp8,12,0.02566438971429679,0.652300257247015,0.6708808430592277,0.1402408978042315,nan,0.6677081442267877,0.08685744440211214,0.9008402677932098,1.0,0.9008341799015651,0.0009969908049711385,0.0022051196591341845,0.011538729294685359,0.0625,0.9972493253170494,1.0842021724855044e-19,5.551115123125783e-17,8.079441562738767e-17,8.085991959320802e-17
contractive-fp8,13,0.027757977984682335,0.7035673103718975,0.7245470361904992,0.15188949833961185,nan,0.717163670003538,0.09164482602676309,0.8808210110423339,1.0,0.8808197874653743,0.0006278733029572807,0.0033796649774499384,0.01996844427266411,0.125,1.055746226738592,5.421010862427522e-20,5.551115123125783e-17,7.845249761070346e-17,7.875756821328971e-17
contractive-fp8,14,0.026967407356232924,0.6844903976005486,0.7062223997907798,0.15658108511510238,nan,0.7005229498286681,0.09308208593392532,0.8790525921691114,1.0,0.879022102440947,0.001014827346216096,0.002502902306466418,0.01623119309708407,0.0625,1.0290307670506476,1.0842021724855044e-19,1.1102230246251565e-16,7.070446416608295e-17,7.049171948922468e-17
contractive-fp8,15,0.02290173615998588,0.6779285408617258,0.6996643071209151,0.16163561369936938,nan,0.6926697784432968,0.09070682740337886,0.894531734741773,1.0,0.8945244652144254,0.0005969698405985876,0.002533188241422563,0.015791413264051358,0.0625,1.0673140369095162,2.168404344971009e-19,1.6653345369377348e-16,6.423138428095244e-17,6.477409335669902e-17
contractive-fp8,16,0.0244741328244343,0.677803389724175,0.6989262879576323,0.16863311702834805,nan,0.6911971201287048,0.09306230490185746,0.9047227422799141,1.0,0.9047223132896678,0.0005348466911721111,0.0014311744747614833,0.018647212176400363,0.0625,1.033529082934814,5.421010862427522e-20,5.551115123125783e-17,8.40935172765009e-17,8.488735273964656e-17
contractive-fp8,17,0.021016744065662087,0.6501968002941312,0.6720974283081446,0.1647432494764971,nan,0.6618018806616875,0.0882607694875984,0.8636706361354113,1.0,0.8636704063368836,0.0003713295599031284,0.0019265859564117284,0.013039198095775244,0.0625,0.9525370005659635,5.421010862427522e-20,2.7755575615628914e-17,5.89987629970984e-17,5.971304983154314e-17
contractive-fp8,18,0.018752379089512806,0.6548889859305969,0.67477377523526,0.1534905470132502,nan,0.6840101290658024,0.08041319372183743,0.8105209065970517,1.0,0.8101067853669964,0.0005541331482344482,0.0023367527414611096,0.014836923798405633,0.125,1.0037510256616322,5.421010862427522e-20,5.551115123125783e-17,5.107999803578227e-17,5.148930937656028e-17
contractive-fp8,19,0.02088841888008741,0.6529173257311847,0.6724785484621778,0.15606080670768052,nan,0.685682654054574,0.0807368983124902,0.8985333155116773,1.0,0.8985327759937268,0.0004573100377595473,0.0015204438731258117,0.014556436481969618,0.0625,0.9991820298080959,1.0842021724855044e-19,1.1102230246251565e-16,7.639336323791944e-17,7.579553208499203e-17
contractive-fp8,20,0.023147582218037165,0.6339523363839389,0.6528327456508793,0.15440622146239122,nan,0.6625748958756541,0.08213773846894024,0.8733691435576001,1.0,0.8733691079172811,0.00020016073921692976,0.0010143300569586658,0.015314505195980765,0.0625,0.9845717659647437,5.421010862427522e-20,0.0,8.204085195754562e-17,8.171115675621388e-17
contractive-fp8,21,0.01925170474103802,0.6384973499457071,0.6574964045070033,0.15322016756426818,nan,0.6656393899100582,0.08299374370826929,0.9064315967927805,1.0,0.9064162616593396,0.0002873567077451639,0.0010755646789542522,0.01015941755848186,0.0625,0.9366274061530505,2.168404344971009e-19,2.7755575615628914e-17,4.7425588902611946e-17,4.741482316442048e-17
contractive-fp8,22,0.01583273237239995,0.6228382408988469,0.6418409389723239,0.14579106726777818,nan,0.6472607851476926,0.07608776614801539,0.8752474176483861,1.0,0.8752402496919803,0.0003116774653957747,0.0011834067181330913,0.008206388907375113,0.0625,0.8762931781558817,2.710505431213761e-20,0.0,5.041723167145107e-17,5.1121957607901853e-17
contractive-fp8,23,0.01552216985108188,0.6086718287462385,0.626706034406651,0.13668754134999475,nan,0.6302380380509337,0.06444819969198508,0.8751223554091522,1.0,0.8751212301404981,0.00027623777970781977,0.0008359225522388904,0.0066481545514193675,0.0625,0.7894793189668087,1.3552527156068805e-19,6.938893903907228e-17,3.131178833472762e-17,3.096714570130329e-17
contractive-fp8,24,0.017566033149097604,0.6175012140171838,0.6369005552147142,0.14082497784195755,nan,0.6378275426194079,0.06717695188971,0.9067791089357589,1.0,0.9067724067691016,0.0004462720117575441,0.0026240435006134053,0.010890319874512994,0.0625,0.8802886538250524,2.710505431213761e-20,5.551115123125783e-17,3.1407135919084584e-17,3.0859863195135716e-17
marginal,1,0.0002,0.0002,0.0002,0.0002,0.0002,nan,0.0002,1.0,1.0,1.0,0.0,0.0002,0.0,0.0,0.0,nan,nan,0.0,0.0
marginal,2,0.00045,0.00045,0.00045,0.00045,0.00045,nan,0.00045,1.0,1.0,1.0,0.0,0.00025,0.0,0.0,0.0,nan,nan,0.0,0.0
marginal,3,0.00075,0.00075,0.00075,0.00075,0.00075,nan,0.00075,1.0,1.0,1.0,0.0,0.00030000000000000003,0.0,0.0,0.0,nan,nan,0.0,0.0
marginal,4,0.00095,0.00095,0.00095,0.00095,0.00095,nan,0.00095,1.0,1.0,1.0,0.0,0.0002,0.0,0.0,0.0,nan,nan,0.0,0.0
marginal,5,0.0012000000000000001,0.0012000000000000001,0.0012000000000000001,0.0012000000000000001,0.0012000000000000001,nan,0.0012000000000000001,1.0,1.0,1.0,0.0,0.00025,0.0,0.0,0.0,nan,nan,0.0,0.0
marginal,6,0.0015,0.0015,0.0015,0.0015,0.0015,nan,0.0015,1.0,1.0,1.0,0.0,0.00030000000000000003,0.0,0.0,0.0,nan,nan,0.0,0.0
marginal,7,0.0017000000000000001,0.0017000000000000001,0.0017000000000000001,0.0017000000000000001,0.0017000000000000001,nan,0.0017000000000000001,1.0,1.0,1.0,0.0,0.0002,0.0,0.0,0.0,nan,nan,0.0,0.0
marginal,8,0.0019500000000000001,0.0019500000000000001,0.0019500000000000001,0.0019500000000000001,0.0019500000000000001,nan,0.0019500000000000001,1.0,1.0,1.0,0.0,0.00025,0.0,0.0,0.0,nan,nan,0.0,0.0
marginal,9,0.0022500000000000003,0.0022500000000000003,0.0022500000000000003,0.0022500000000000003,0.0022500000000000003,nan,0.0022500000000000003,1.0,1.0,1.0,0.0,0.00030000000000000003,0.0,0.0,0.0,nan,nan,0.0,0.0
marginal,10,0.0024500000000000004,0.0024500000000000004,0.0024500000000000004,0.0024500000000000004,0.0024500000000000004,nan,0.0024500000000000004,1.0,1.0,1.0,0.0,0.0002,0.0,0.0,0.0,nan,nan,0.0,0.0
marginal,11,0.0027,0.0027,0.0027,0.0027,0.0027,nan,0.0027,1.0,1.0,1.0,0.0,0.00025,0.0,0.0,0.0,nan,nan,0.0,0.0
marginal,12,0.003,0.003,0.003,0.003,0.003,nan,0.003,1.0,1.0,1.0,0.0,0.00030000000000000003,0.0,0.0,0.0,nan,nan,0.0,0.0
marginal,13,0.0032,0.0032,0.0032,0.0032,0.0032,nan,0.0032,1.0,1.0,1.0,0.0,0.0002,0.0,0.0,0.0,nan,nan,0.0,0.0
marginal,14,0.00345,0.00345,0.00345,0.00345,0.00345,nan,0.00345,1.0,1.0,1.0,0.0,0.00025,0.0,0.0,0.0,nan,nan,0.0,0.0
marginal,15,0.00375,0.00375,0.00375,0.00375,0.00375,nan,0.00375,1.0,1.0,1.0,0.0,0.00030000000000000003,0.0,0.0,0.0,nan,nan,0.0,0.0
marginal,16,0.0039499999999999995,0.0039499999999999995,0.0039499999999999995,0.0039499999999999995,0.0039499999999999995,nan,0.0039499999999999995,1.0,1.0,1.0,0.0,0.0002,0.0,0.0,0.0,nan,nan,0.0,0.0
marginal,17,0.0042,0.0042,0.0042,0.0042,0.0042,nan,0.0042,1.0,1.0,1.0,0.0,0.00025,0.0,0.0,0.0,nan,nan,0.0,0.0
marginal,18,0.0045,0.0045,0.0045,0.0045,0.0045,nan,0.0045,1.0,1.0,1.0,0.0,0.00030000000000000003,0.0,0.0,0.0,nan,nan,0.0,0.0
marginal,19,0.004699999999999999,0.004699999999999999,0.004699999999999999,0.004699999999999999,0.004699999999999999,nan,0.004699999999999999,1.0,1.0,1.0,0.0,0.0002,0.0,0.0,0.0,nan,nan,0.0,0.0
marginal,20,0.0049499999999999995,0.0049499999999999995,0.0049499999999999995,0.0049499999999999995,0.0049499999999999995,nan,0.0049499999999999995,1.0,1.0,1.0,0.0,0.00025,0.0,0.0,0.0,nan,nan,0.0,0.0
marginal,21,0.0052499999999999995,0.0052499999999999995,0.0052499999999999995,0.0052499999999999995,0.0052499999999999995,nan,0.0052499999999999995,1.0,1.0,1.0,0.0,0.00030000000000000003,0.0,0.0,0.0,nan,nan,0.0,0.0
marginal,22,0.005449999999999999,0.005449999999999999,0.005449999999999999,0.005449999999999999,0.005449999999999999,nan,0.005449999999999999,1.0,1.0,1.0,0.0,0.0002,0.0,0.0,0.0,nan,nan,0.0,0.0
marginal,23,0.005699999999999999,0.005699999999999999,0.005699999999999999,0.005699999999999999,0.005699999999999999,nan,0.005699999999999999,1.0,1.0,1.0,0.0,0.00025,0.0,0.0,0.0,nan,nan,0.0,0.0
marginal,24,0.005999999999999999,0.005999999999999999,0.005999999999999999,0.005999999999999999,0.005999999999999999,nan,0.005999999999999999,1.0,1.0,1.0,0.0,0.00030000000000000003,0.0,0.0,0.0,nan,nan,0.0,0.0
switching-nonnormal,1,2.0615528128088303e-06,2.1180339887498947e-06,2.1180339887498947e-06,2.1180339887498947e-06,nan,nan,2.1180339887498947e-06,2.118033988749895,1.0,0.5,0.0,0.0,0.0,0.0,0.0,nan,nan,0.0,0.0
switching-nonnormal,2,4.366062299143245e-06,4.4860679774997896e-06,4.4860679774997896e-06,4.4860679774997896e-06,nan,nan,4.48606797749979e-06,2.118033988749895,1.0,0.5,0.0,0.0,0.0,0.0,0.0,nan,nan,0.0,0.0
switching-nonnormal,3,9.24746586909084e-06,9.501644452187053e-06,9.501644452187053e-06,9.501644452187053e-06,nan,nan,9.501644452187056e-06,2.118033988749895,1.0,0.5,0.0,0.0,0.0,0.0,0.0,nan,nan,0.0,0.0
switching-nonnormal,4,1.9586447004242498e-05,2.0124805898749053e-05,2.0124805898749053e-05,2.0124805898749053e-05,nan,nan,2.0124805898749046e-05,2.118033988749895,1.0,0.5,0.0,0.0,0.0,0.0,0.0,nan,nan,0.0,0.0
switching-nonnormal,5,4.148476047372698e-05,4.262502291054487e-05,4.262502291054487e-05,4.262502291054487e-05,nan,nan,4.2625022910544887e-05,2.118033988749895,1.0,0.5,0.0,0.0,0.0,0.0,0.0,nan,nan,0.0,0.0
switching-nonnormal,6,8.786613269850122e-05,9.028124729577701e-05,9.028124729577701e-05,9.028124729577701e-05,nan,nan,9.028124729577701e-05,2.118033988749895,1.0,0.5,0.0,0.0,0.0,0.0,0.0,nan,nan,0.0,0.0
switching-nonnormal,7,0.0001861034555154341,0.00019121875031919024,0.00019121875031919024,0.00019121875031919024,nan,nan,0.00019121875031919019,2.118033988749895,1.0,0.5,0.0,0.0,0.0,0.0,0.0,nan,nan,0.0,0.0
switching-nonnormal,8,0.0003941734442054935,0.0004050078124623247,0.0004050078124623247,0.0004050078124623247,nan,nan,0.0004050078124623247,2.118033988749895,1.0,0.5,0.0,0.0,0.0,0.0,0.0,nan,nan,0.0,0.0
switching-nonnormal,9,0.0008348727522898455,0.000857820312504447,0.000857820312504447,0.000857820312504447,nan,nan,0.0008578203125044469,2.118033988749895,1.0,0.5,0.0,0.0,0.0,0.0,0.0,nan,nan,0.0,0.0
switching-nonnormal,10,0.0017682888656310645,0.0018168925781244752,0.0018168925781244752,0.0018168925781244752,nan,nan,0.0018168925781244757,2.118033988749895,1.0,0.5,0.0,0.0,0.0,0.0,0.0,nan,nan,0.0,0.0
switching-nonnormal,11,0.00374529591933459,0.0038482402343750625,0.0038482402343750625,0.0038482402343750625,nan,nan,0.0038482402343750625,2.118033988749895,1.0,0.5,0.0,0.0,0.0,0.0,0.0,nan,nan,0.0,0.0
switching-nonnormal,12,0.007932664055076945,0.008150703613281244,0.008150703613281244,0.008150703613281244,nan,nan,0.008150703613281242,2.118033988749895,1.0,0.5,0.0,0.0,0.0,0.0,0.0,nan,nan,0.0,0.0
switching-nonnormal,13,0.01680165208998754,0.017263467285156254,0.017263467285156254,0.017263467285156254,nan,nan,0.01726346728515625,2.118033988749895,1.0,0.5,0.0,0.0,0.0,0.0,0.0,nan,nan,0.0,0.0
switching-nonnormal,14,0.035586470193744314,0.03656461047363282,0.03656461047363282,0.03656461047363282,nan,nan,0.03656461047363281,2.118033988749895,1.0,0.5,0.0,0.0,0.0,0.0,0.0,nan,nan,0.0,0.0
adversarial,1,0.00031600000000000004,0.00031600000000000004,0.00031600000000000004,0.00031600000000000004,0.00031600000000000004,nan,0.00031600000000000004,1.08,1.0,1.08,0.0,0.0001,0.0,0.0,0.0,nan,nan,0.0,0.0
adversarial,2,0.00044128000000000006,0.00044128000000000006,0.00044128000000000006,0.00044128000000000006,0.00044128000000000006,nan,0.00044128000000000006,1.08,1.0,1.08,0.0,0.0001,0.0,0.0,0.0,nan,nan,0.0,0.0
adversarial,3,0.0005765824000000001,0.0005765824000000001,0.0005765824000000001,0.0005765824000000001,0.0005765824000000001,nan,0.0005765824000000001,1.08,1.0,1.08,0.0,0.0001,0.0,0.0,0.0,nan,nan,0.0,0.0
adversarial,4,0.0007227089920000002,0.0007227089920000002,0.0007227089920000002,0.0007227089920000002,0.0007227089920000002,nan,0.0007227089920000002,1.08,1.0,1.08,0.0,0.0001,0.0,0.0,0.0,nan,nan,0.0,0.0
adversarial,5,0.0008805257113600004,0.0008805257113600004,0.0008805257113600004,0.0008805257113600004,0.0008805257113600004,nan,0.0008805257113600002,1.08,1.0,1.08,0.0,0.0001,0.0,0.0,0.0,nan,nan,0.0,0.0
adversarial,6,0.0010509677682688004,0.0010509677682688004,0.0010509677682688004,0.0010509677682688004,0.0010509677682688004,nan,0.0010509677682688002,1.08,1.0,1.08,0.0,0.0001,0.0,0.0,0.0,nan,nan,0.0,0.0
adversarial,7,0.0012350451897303045,0.0012350451897303045,0.0012350451897303045,0.0012350451897303045,0.0012350451897303045,nan,0.0012350451897303045,1.08,1.0,1.08,0.0,0.0001,0.0,0.0,0.0,nan,nan,0.0,0.0
adversarial,8,0.001433848804908729,0.001433848804908729,0.001433848804908729,0.001433848804908729,0.001433848804908729,nan,0.0014338488049087288,1.08,1.0,1.08,0.0,0.0001,0.0,0.0,0.0,nan,nan,0.0,0.0
adversarial,9,0.0016485567093014275,0.0016485567093014275,0.0016485567093014275,0.0016485567093014275,0.0016485567093014275,nan,0.0016485567093014273,1.08,1.0,1.08,0.0,0.0001,0.0,0.0,0.0,nan,nan,0.0,0.0
adversarial,10,0.0018804412460455419,0.0018804412460455419,0.0018804412460455419,0.0018804412460455419,0.0018804412460455419,nan,0.0018804412460455416,1.08,1.0,1.08,0.0,0.0001,0.0,0.0,0.0,nan,nan,0.0,0.0
adversarial,11,0.0021308765457291852,0.0021308765457291852,0.0021308765457291852,0.0021308765457291852,0.0021308765457291852,nan,0.0021308765457291844,1.08,1.0,1.08,0.0,0.0001,0.0,0.0,0.0,nan,nan,0.0,0.0
adversarial,12,0.00240134666938752,0.00240134666938752,0.00240134666938752,0.00240134666938752,0.00240134666938752,nan,0.0024013466693875198,1.08,1.0,1.08,0.0,0.0001,0.0,0.0,0.0,nan,nan,0.0,0.0
adversarial,13,0.0026934544029385216,0.0026934544029385216,0.0026934544029385216,0.0026934544029385216,0.0026934544029385216,nan,0.002693454402938521,1.08,1.0,1.08,0.0,0.0001,0.0,0.0,0.0,nan,nan,0.0,0.0
adversarial,14,0.0030089307551736033,0.0030089307551736033,0.0030089307551736033,0.0030089307551736033,0.0030089307551736033,nan,0.0030089307551736033,1.08,1.0,1.08,0.0,0.0001,0.0,0.0,0.0,nan,nan,0.0,0.0
adversarial,15,0.0033496452155874915,0.0033496452155874915,0.0033496452155874915,0.0033496452155874915,0.0033496452155874915,nan,0.003349645215587492,1.08,1.0,1.08,0.0,0.0001,0.0,0.0,0.0,nan,nan,0.0,0.0
adversarial,16,0.003717616832834491,0.003717616832834491,0.003717616832834491,0.003717616832834491,0.003717616832834491,nan,0.0037176168328344915,1.08,1.0,1.08,0.0,0.0001,0.0,0.0,0.0,nan,nan,0.0,0.0
diagonal-shared,1,0.0013,0.001697056274847714,0.001697056274847714,0.001697056274847714,0.0013,nan,0.001697056274847714,1.2,1.0,1.2,0.0,0.0,0.0,0.0,0.0,nan,nan,0.0,0.0
diagonal-shared,2,0.000848528137423857,0.0020364675298172566,0.0020364675298172566,0.0020364675298172566,0.000848528137423857,nan,0.000848528137423857,1.2,1.0,1.2,0.0,0.0,0.0,0.0,0.0,nan,nan,0.0,0.0
diagonal-shared,3,0.0007799999999999999,0.002443761035780708,0.002443761035780708,0.002443761035780708,0.0007799999999999999,nan,0.0010182337649086283,1.2,1.0,1.2,0.0,0.0,0.0,0.0,0.0,nan,nan,0.0,0.0
diagonal-shared,4,0.0005091168824543142,0.0029325132429368493,0.0029325132429368493,0.0029325132429368493,0.0005091168824543142,nan,0.0005091168824543142,1.2,1.0,1.2,0.0,0.0,0.0,0.0,0.0,nan,nan,0.0,0.0
diagonal-shared,5,0.00046799999999999994,0.003519015891524219,0.003519015891524219,0.003519015891524219,0.00046799999999999994,nan,0.0006109402589451771,1.2,1.0,1.2,0.0,0.0,0.0,0.0,0.0,nan,nan,0.0,0.0
diagonal-shared,6,0.0003054701294725885,0.004222819069829063,0.004222819069829063,0.004222819069829063,0.0003054701294725885,nan,0.00030547012947258854,1.2,1.0,1.2,0.0,0.0,0.0,0.0,0.0,nan,nan,0.0,0.0
diagonal-shared,7,0.00028079999999999994,0.0050673828837948754,0.0050673828837948754,0.0050673828837948754,0.00028079999999999994,nan,0.0003665641553671062,1.2,1.0,1.2,0.0,0.0,0.0,0.0,0.0,nan,nan,0.0,0.0
diagonal-shared,8,0.00018328207768355308,0.00608085946055385,0.00608085946055385,0.00608085946055385,0.00018328207768355308,nan,0.0001832820776835531,1.2,1.0,1.2,0.0,0.0,0.0,0.0,0.0,nan,nan,0.0,0.0
diagonal-shared,9,0.00016847999999999999,0.00729703135266462,0.00729703135266462,0.00729703135266462,0.00016847999999999999,nan,0.00021993849322026374,1.2,1.0,1.2,0.0,0.0,0.0,0.0,0.0,nan,nan,0.0,0.0
diagonal-shared,10,0.00010996924661013186,0.008756437623197545,0.008756437623197545,0.008756437623197545,0.00010996924661013186,nan,0.00010996924661013187,1.2,1.0,1.2,0.0,0.0,0.0,0.0,0.0,nan,nan,0.0,0.0
diagonal-shared,11,0.00010108799999999998,0.010507725147837052,0.010507725147837052,0.010507725147837052,0.00010108799999999998,nan,0.00013196309593215824,1.2,1.0,1.2,0.0,0.0,0.0,0.0,0.0,nan,nan,0.0,0.0
diagonal-shared,12,6.59815479660791e-05,0.012609270177404463,0.012609270177404463,0.012609270177404463,6.59815479660791e-05,nan,6.598154796607912e-05,1.2,1.0,1.2,0.0,0.0,0.0,0.0,0.0,nan,nan,0.0,0.0
diagonal-shared,13,6.065279999999998e-05,0.015131124212885354,0.015131124212885354,0.015131124212885354,6.065279999999998e-05,nan,7.917785755929494e-05,1.2,1.0,1.2,0.0,0.0,0.0,0.0,0.0,nan,nan,0.0,0.0
diagonal-shared,14,3.9588928779647464e-05,0.018157349055462426,0.018157349055462426,0.018157349055462426,3.9588928779647464e-05,nan,3.958892877964747e-05,1.2,1.0,1.2,0.0,0.0,0.0,0.0,0.0,nan,nan,0.0,0.0
diagonal-shared,15,3.639167999999999e-05,0.02178881886655491,0.02178881886655491,0.02178881886655491,3.639167999999999e-05,nan,4.750671453557696e-05,1.2,1.0,1.2,0.0,0.0,0.0,0.0,0.0,nan,nan,0.0,0.0
diagonal-shared,16,2.3753357267788475e-05,0.02614658263986589,0.02614658263986589,0.02614658263986589,2.3753357267788475e-05,nan,2.375335726778848e-05,1.2,1.0,1.2,0.0,0.0,0.0,0.0,0.0,nan,nan,0.0,0.0
diagonal-shared,17,2.1835007999999992e-05,0.03137589916783907,0.03137589916783907,0.03137589916783907,2.1835007999999992e-05,nan,2.8504028721346177e-05,1.2,1.0,1.2,0.0,0.0,0.0,0.0,0.0,nan,nan,0.0,0.0
diagonal-shared,18,1.4252014360673085e-05,0.03765107900140688,0.03765107900140688,0.03765107900140688,1.4252014360673085e-05,nan,1.4252014360673088e-05,1.2,1.0,1.2,0.0,0.0,0.0,0.0,0.0,nan,nan,0.0,0.0
diagonal-shared,19,1.3101004799999994e-05,0.045181294801688254,0.045181294801688254,0.045181294801688254,1.3101004799999994e-05,nan,1.7102417232807708e-05,1.2,1.0,1.2,0.0,0.0,0.0,0.0,0.0,nan,nan,0.0,0.0
diagonal-shared,20,8.551208616403852e-06,0.0542175537620259,0.0542175537620259,0.0542175537620259,8.551208616403852e-06,nan,8.551208616403854e-06,1.2,1.0,1.2,0.0,0.0,0.0,0.0,0.0,nan,nan,0.0,0.0
diagonal-shared,21,7.860602879999997e-06,0.06506106451443108,0.06506106451443108,0.06506106451443108,7.860602879999997e-06,nan,1.0261450339684623e-05,1.2,1.0,1.2,0.0,0.0,0.0,0.0,0.0,nan,nan,0.0,0.0
diagonal-shared,22,5.130725169842311e-06,0.0780732774173173,0.0780732774173173,0.0780732774173173,5.130725169842311e-06,nan,5.1307251698423116e-06,1.2,1.0,1.2,0.0,0.0,0.0,0.0,0.0,nan,nan,0.0,0.0
diagonal-shared,23,4.716361727999998e-06,0.09368793290078076,0.09368793290078076,0.09368793290078076,4.716361727999998e-06,nan,6.156870203810773e-06,1.2,1.0,1.2,0.0,0.0,0.0,0.0,0.0,nan,nan,0.0,0.0
diagonal-shared,24,3.078435101905386e-06,0.1124255194809369,0.1124255194809369,0.1124255194809369,3.078435101905386e-06,nan,3.0784351019053865e-06,1.2,1.0,1.2,0.0,0.0,0.0,0.0,0.0,nan,nan,0.0,0.0
