abstention_fraction,any_committed_coverage_failure,any_false_safe,any_local_false_safe,any_local_risk_violation,any_mean_risk_violation,any_pathwise_budget_violation,any_reported_coverage_failure,audit_cost_ms,audit_cost_ms_per_round,audit_fraction,audits,certificate_available_rounds,committed_catastrophes,committed_loss,delta,epsilon,exact_actions,fast_commit_fraction,fast_commits,fast_selective_risk,final_committed_upper,final_reported_upper,first_reset_round,intended_loss,intended_selective_risk,intended_weight,labels_observed,matched_exact_ms,matched_exact_tokens_per_second,max_local_intended_risk,max_pending_labels,policy,proposals,reset_cost_ms,reset_cost_ms_per_round,reset_reasons,reset_rounds,reset_shadow_actions,resets,rounds,saved_ms_per_round,seed,startup_budget,support_abstentions,throughput_reward_tokens_per_second,throughput_tokens_per_second,total_ms
0.6793333333333333,False,False,False,False,False,False,False,700739.1045385711,58.39492537821426,0.057916666666666665,695,3848,0,27.937686511127772,0.05,0.06,5752,0.26275,3153,0.00886066809740811,83.080690619601,0.022687788686915154,4200,26.370877542200372,0.008357486163923913,3155.3600000001693,695,8429270.36887737,1.423610760464691,0.015221832393735915,2,anytime_random_audit,3848,2075146.0609119472,172.92883840932893,['traffic_epoch_change_point'],[4200],2400,1,12000,71.73533884367882,20261840,60.0,0,0.1619194157399919,1.585530176204683,7568446.302753224
0.3883333333333333,False,True,True,True,True,False,True,1455540.7046364879,121.29505871970733,0.12341666666666666,1481,7340,279,363.6873232023764,0.05,0.06,4660,0.48825,5859,0.062073275849526606,inf,0.060211588909638285,,367.35994821985423,0.06256129908375425,5872.000000000787,1481,8758553.101415029,1.370089312818265,0.15522297000742852,3,importance_weighted_nominal,7340,0.0,0.0,[],[],0,0,12000,198.22531980320423,20261840,60.0,0,0.5108328694867994,1.8809221823050644,6379849.263776578
0.30316666666666664,False,True,True,True,True,True,True,0.0,0.0,0.0,0,8362,533,667.868216059233,0.05,0.06,3638,0.6968333333333333,8362,0.07986943507046555,inf,0.009111786215248142,,667.868216059233,0.07986943507046555,8362.0,0,8910704.925717724,1.346694801369314,0.23983847391768376,0,naive_calibration,8362,0.0,0.0,[],[],0,0,12000,326.07076038479846,20261840,60.0,0,1.0543348556605114,2.4010296570298255,4997855.801100143
0.3284166666666667,False,True,True,True,True,True,True,0.0,0.0,0.0,0,8059,490,609.6475788963239,0.05,0.06,3941,0.6715833333333333,8059,0.07564804304458667,inf,-0.005379163238342882,,609.6475788963239,0.07564804304458667,8059.0,0,8874359.849429965,1.3522102104943161,0.2243774694288899,0,split_conformal,8059,0.0,0.0,[],[],0,0,12000,313.6578175940009,20261840,60.0,0,0.9959122327549537,2.3481224432492698,5110466.038301954
0.66275,False,False,False,False,False,False,False,776264.2056506668,64.68868380422224,0.06408333333333334,769,4047,0,22.45497793448582,0.05,0.06,5553,0.27316666666666667,3278,0.006850206813449,92.46472681672303,0.024134592271316025,4200,22.683615752623467,0.0068354203211719875,3318.540000000202,769,8445770.781558981,1.420829467240757,0.011334736407432036,2,anytime_random_audit,4047,2101472.2158986535,175.12268465822112,['traffic_epoch_change_point'],[4200],2400,1,12000,74.6251562498842,20262849,60.0,0,0.16851789886077229,1.5893473661015294,7550268.906560371
0.5635,False,False,True,True,False,False,True,1035714.5441508776,86.30954534590647,0.08716666666666667,1046,5238,171,225.70795323528571,0.05,0.06,6762,0.34933333333333333,4192,0.053842546096203654,inf,0.0601931354174874,,238.1924907082892,0.05684242332671492,4190.400000000404,1046,8559228.422769388,1.4019955312884769,0.22685860611795663,3,importance_weighted_nominal,5238,0.0,0.0,[],[],0,0,12000,142.27673738063174,20262849,60.0,0,0.349341577399523,1.7513371086879999,6851907.574201807
0.3145833333333333,False,True,True,True,True,True,True,0.0,0.0,0.0,0,8225,592,724.528113802002,0.05,0.06,3775,0.6854166666666667,8225,0.08808852447440754,inf,0.009111786215248142,,724.528113802002,0.08808852447440754,8225.0,0,8889731.191286664,1.3498720874442063,0.24663261308596754,0,naive_calibration,8225,0.0,0.0,[],[],0,0,12000,320.29002148630565,20262849,60.0,0,1.0281309405965573,2.3780030280407636,5046250.933450997
0.3234166666666667,False,True,True,True,True,True,True,0.0,0.0,0.0,0,8119,530,640.846539369008,0.05,0.06,3881,0.6765833333333333,8119,0.07893170826074739,inf,-0.005379163238342882,,640.846539369008,0.07893170826074739,8119.0,0,8885840.51793642,1.3504631301650674,0.21594270377949717,0,split_conformal,8119,0.0,0.0,[],[],0,0,12000,316.3154793631104,20262849,60.0,0,1.0070753547150184,2.3575384848800858,5090054.765579095
0.6800833333333334,False,False,False,False,False,False,False,666992.3282510814,55.58269402092345,0.05525,663,3839,1,26.251995417458673,0.05,0.06,5761,0.26466666666666666,3176,0.008265741630182202,92.99358018002664,0.02559479755679304,4200,25.8438113075319,0.00820964914247566,3147.980000000168,663,8458441.455275102,1.4187010767233257,0.0120935163067177,2,anytime_random_audit,3839,2098389.613626636,174.865801135553,['traffic_epoch_change_point'],[4200],2400,1,12000,72.99524432697582,20263858,60.0,0,0.1638907250481192,1.5825918017714449,7582498.523351392
0.49,False,True,True,True,True,True,True,1203216.7292483451,100.26806077069543,0.10208333333333333,1225,6120,285,361.1988824975317,0.05,0.06,5880,0.40791666666666665,4895,0.07378935291062956,inf,0.06031078721792897,,354.6887244578316,0.07244459241376444,4896.000000000565,1225,8666047.254511664,1.38471435102695,0.21949675145034783,3,importance_weighted_nominal,6120,0.0,0.0,[],[],0,0,12000,166.22947909187067,20263858,60.0,0,0.4140372689205407,1.7987516199474907,6671293.505409216
0.3304166666666667,False,True,True,True,True,True,True,0.0,0.0,0.0,0,8035,597,731.6486986939816,0.05,0.06,3965,0.6695833333333333,8035,0.09105770985612714,inf,0.009111786215248142,,731.6486986939816,0.09105770985612714,8035.0,0,8903313.02125541,1.3478128839625974,0.23281353869040933,0,naive_calibration,8035,0.0,0.0,[],[],0,0,12000,313.2060968776879,20263858,60.0,0,0.9846212305130588,2.332434114475656,5144839.858723154
0.3561666666666667,False,True,True,True,True,True,True,0.0,0.0,0.0,0,7726,535,652.9373580168384,0.05,0.06,4274,0.6438333333333334,7726,0.08451169531670184,inf,-0.005379163238342882,,652.9373580168384,0.08451169531670184,7726.0,0,8866827.858706981,1.3533588551870137,0.19265216040647462,0,split_conformal,7726,0.0,0.0,[],[],0,0,12000,300.4198375356171,20263858,60.0,0,0.9272339539589654,2.280592809145979,5261789.808279576
0.6715833333333333,False,False,False,False,False,False,False,712719.5373103708,59.393294775864234,0.058333333333333334,700,3941,2,28.11332774898328,0.05,0.06,5659,0.27008333333333334,3241,0.008674275763339487,104.22960835476404,0.028097552501324098,4200,28.38526251759394,0.008783601573697501,3231.6200000001845,700,8421146.440018749,1.4249841260299094,0.015312593268662699,2,anytime_random_audit,3941,2070755.331097028,172.56294425808568,['traffic_epoch_change_point'],[4200],2400,1,12000,76.05064056388754,20264867,60.0,0,0.17319634481104607,1.5981804708409555,7508538.753252098
0.4375833333333333,False,True,True,True,True,False,True,1307359.137698692,108.94659480822433,0.11025,1323,6749,249,326.65653549213505,0.05,0.06,5251,0.45216666666666666,5426,0.060202089106549034,inf,0.060553744544139136,,332.799989940911,0.06163875943489205,5399.200000000679,1323,8695148.246363405,1.3800799779369826,0.1576198422385307,3,importance_weighted_nominal,6749,0.0,0.0,[],[],0,0,12000,184.86705026826044,20264867,60.0,0,0.4727029421809321,1.8527829201179147,6476743.64314428
0.29108333333333336,False,True,True,True,True,True,True,0.0,0.0,0.0,0,8507,490,623.0742818200919,0.05,0.06,3493,0.7089166666666666,8507,0.0732425392994113,inf,0.009111786215248142,,623.0742818200919,0.0732425392994113,8507.0,0,8918169.029945264,1.3455676787137159,0.16190274130310295,0,naive_calibration,8507,0.0,0.0,[],[],0,0,12000,332.1081449687501,20264867,60.0,0,1.0870925902755668,2.4326602689892827,4932871.290320262
0.3025,False,True,True,True,True,True,True,0.0,0.0,0.0,0,8370,481,610.8010804238697,0.05,0.06,3630,0.6975,8370,0.07297503947716484,inf,-0.005379163238342882,,610.8010804238697,0.07297503947716484,8370.0,0,8891543.494304286,1.3495969521699935,0.1670693890000937,0,split_conformal,8370,0.0,0.0,[],[],0,0,12000,326.245320405124,20264867,60.0,0,1.061688030608071,2.4112849827780645,4976599.649442798
0.6678333333333333,False,False,False,False,False,False,False,727193.7841863786,60.59948201553155,0.060333333333333336,724,3986,2,25.804480801338382,0.05,0.06,5614,0.2718333333333333,3262,0.007910631760066948,92.88002076290368,0.024619328570708584,4200,25.466825051453643,0.007791546342519595,3268.520000000192,724,8440846.838245086,1.4216583039545931,0.01526667111031429,2,anytime_random_audit,3986,2092497.1833266893,174.3747652772241,['traffic_epoch_change_point'],[4200],2400,1,12000,74.94195421347511,20265876,60.0,0,0.1695279271818646,1.5911862311364577,7541543.387683385
0.49391666666666667,False,True,True,True,True,False,True,1178122.217015337,98.17685141794475,0.09966666666666667,1196,6073,228,294.92314025934144,0.05,0.06,5927,0.40641666666666665,4877,0.06047224528590146,inf,0.06052518047213801,,301.4962696492602,0.06205669966433923,4858.400000000556,1196,8631982.011558544,1.390178986000151,0.18987051576608524,4,importance_weighted_nominal,6073,0.0,0.0,[],[],0,0,12000,165.98973415205347,20265876,60.0,0,0.417021297041523,1.807200283041674,6640105.201733902
0.30433333333333334,False,True,True,True,True,True,True,0.0,0.0,0.0,0,8348,561,693.4464032896215,0.05,0.06,3652,0.6956666666666667,8348,0.08306736982386458,inf,0.009111786215248142,,693.4464032896215,0.08306736982386458,8348.0,0,8898883.279384091,1.3484838067041758,0.20040025572258305,0,naive_calibration,8348,0.0,0.0,[],[],0,0,12000,325.2957510658739,20265876,60.0,0,1.0537578371133831,2.402241643817559,4995334.266593604
0.31908333333333333,False,True,True,True,True,True,True,0.0,0.0,0.0,0,8171,499,617.1213436559689,0.05,0.06,3829,0.6809166666666666,8171,0.0755258038986622,inf,-0.005379163238342882,,617.1213436559689,0.0755258038986622,8171.0,0,8880674.995901989,1.3512486388182692,0.16890021003128644,0,split_conformal,8171,0.0,0.0,[],[],0,0,12000,318.3106391318553,20265876,60.0,0,1.0198489494916039,2.371097588309873,5060947.326319725
0.66925,False,False,False,False,False,False,False,715815.834941506,59.65131957845884,0.05925,711,3969,0,31.745313368115106,0.05,0.06,5631,0.2715,3258,0.009743803980391376,84.89875730470294,0.022501411861740796,4200,29.64682098898668,0.009109261713949253,3254.580000000189,711,8424294.369895972,1.4244516481857201,0.01613233980523763,2,anytime_random_audit,3969,2090287.6747303638,174.19063956086364,['traffic_epoch_change_point'],[4200],2400,1,12000,75.3008058478358,20266885,60.0,0,0.1711477525501821,1.5955994007359022,7520684.699721943
0.46158333333333335,False,True,True,True,True,False,True,1254682.18185318,104.55684848776501,0.10575,1269,6461,214,303.22237423874907,0.05,0.06,5539,0.43266666666666664,5192,0.05840184403673904,inf,0.06017725529152384,,311.1695086209001,0.0602014991140811,5168.800000000627,1269,8667808.973521689,1.384432909938076,0.19744587670960484,3,importance_weighted_nominal,6461,0.0,0.0,[],[],0,0,12000,177.00411128686167,20266885,60.0,0,0.4493752773568511,1.8338081872949272,6543759.638079349
0.28775,False,True,True,True,True,True,True,0.0,0.0,0.0,0,8547,484,633.5756764374473,0.05,0.06,3453,0.71225,8547,0.0741284282716096,inf,0.009111786215248142,,633.5756764374473,0.0741284282716096,8547.0,0,8927121.146429196,1.3442183435361958,0.22801479597686625,0,naive_calibration,8547,0.0,0.0,[],[],0,0,12000,333.92230436336024,20266885,60.0,0,1.0947795280247548,2.4389978715609506,4920053.494068873
0.30183333333333334,False,True,True,True,True,False,True,0.0,0.0,0.0,0,8378,429,558.4649678075828,0.05,0.06,3622,0.6981666666666667,8378,0.06665850654184564,inf,-0.005379163238342882,,558.4649678075828,0.06665850654184564,8378.0,0,8913478.578474244,1.3462757434543684,0.1687843270842526,0,split_conformal,8378,0.0,0.0,[],[],0,0,12000,327.3412018125538,20266885,60.0,0,1.060760429237771,2.4070361726921394,4985384.156723599
0.6765833333333333,False,False,False,False,False,False,False,705260.7613493601,58.771730112446676,0.058416666666666665,701,3881,1,25.096040719545737,0.05,0.06,5719,0.265,3180,0.007891836704259666,85.97020310145182,0.023316375410323435,4200,24.28568628016256,0.007631200872342817,3182.4200000001747,701,8419431.218593597,1.425274426317424,0.01187780442828662,2,anytime_random_audit,3881,2080437.06769175,173.36975564097915,['traffic_epoch_change_point'],[4200],2400,1,12000,72.59179371978506,20267894,60.0,0,0.1644812529566546,1.5897556792740786,7548329.693956177
0.37225,False,True,True,True,True,True,True,1504353.0078978671,125.36275065815559,0.12766666666666668,1532,7533,351,450.6183388328848,0.05,0.06,4467,0.5000833333333333,6001,0.07509054138191715,inf,0.060155360327843875,,438.71119605438196,0.07279822050549617,6026.400000000822,1532,8753228.099706754,1.3709228028002627,0.2125050863565985,3,importance_weighted_nominal,7533,0.0,0.0,[],[],0,0,12000,202.59039175771278,20267894,60.0,0,0.5271676458647221,1.8980904486649848,6322143.398614201
0.3005833333333333,False,True,True,True,True,True,True,0.0,0.0,0.0,0,8393,528,678.9877141485916,0.05,0.06,3607,0.6994166666666667,8393,0.08089928680431212,inf,0.009111786215248142,,678.9877141485916,0.08089928680431212,8393.0,0,8900332.877237393,1.3482641790499779,0.23103039791266325,0,naive_calibration,8393,0.0,0.0,[],[],0,0,12000,327.2659270436682,20267894,60.0,0,1.0646974047320916,2.4129615837820695,4973141.752713374
0.31233333333333335,False,True,True,True,True,True,True,0.0,0.0,0.0,0,8252,506,635.2394587890653,0.05,0.06,3748,0.6876666666666666,8252,0.07698006044462741,inf,-0.005379163238342882,,635.2394587890653,0.07698006044462741,8252.0,0,8888986.869856395,1.3499851193045878,0.2005498101812974,0,split_conformal,8252,0.0,0.0,[],[],0,0,12000,321.7024684711359,20267894,60.0,0,1.036385246527256,2.386370365831844,5028557.248202764
0.6699166666666667,False,False,False,False,False,False,False,758210.8775904232,63.18423979920193,0.0625,750,3961,1,32.905708163946244,0.05,0.06,5639,0.26758333333333334,3211,0.010247806964791729,98.26753600633907,0.026282916287918925,4200,31.770738930729266,0.009781571212839646,3248.020000000188,750,8413703.05588688,1.4262447724018343,0.016931692494289326,2,anytime_random_audit,3961,2051731.6907156364,170.9776408929697,['traffic_epoch_change_point'],[4200],2400,1,12000,74.05293491269633,20268903,60.0,0,0.16842523722939085,1.5946700096312252,7525067.836934524
0.3785833333333333,False,True,True,True,True,False,True,1455750.765619625,121.31256380163542,0.12333333333333334,1480,7457,324,415.659161485718,0.05,0.06,4543,0.4980833333333333,5977,0.06954310883147365,inf,0.060128498386752084,,409.91461208869316,0.06871305687418493,5965.600000000808,1480,8751410.393824292,1.3712075494103415,0.1960795165697142,3,importance_weighted_nominal,7457,0.0,0.0,[],[],0,0,12000,203.135923396173,20268903,60.0,0,0.5293973664375538,1.9006049158478953,6313779.313070216
0.29375,False,True,True,True,True,True,True,0.0,0.0,0.0,0,8475,515,660.8676574894787,0.05,0.06,3525,0.70625,8475,0.0779784846595255,inf,0.009111786215248142,,660.8676574894787,0.0779784846595255,8475.0,0,8906608.269738913,1.3473142229428898,0.2301950119779965,0,naive_calibration,8475,0.0,0.0,[],[],0,0,12000,330.79657283813765,20268903,60.0,0,1.0832873445636322,2.430601567506522,4937049.395681261
0.30283333333333334,False,True,True,True,True,True,True,0.0,0.0,0.0,0,8366,487,614.5109609145959,0.05,0.06,3634,0.6971666666666667,8366,0.07345337806772602,inf,-0.005379163238342882,,614.5109609145959,0.07345337806772602,8366.0,0,8896918.044992015,1.3487816724078603,0.20654907491438,0,split_conformal,8366,0.0,0.0,[],[],0,0,12000,326.45706263223616,20268903,60.0,0,1.0611311214622652,2.4099127938701255,4979433.293405181
0.6683333333333333,False,False,False,False,False,False,False,710847.7555717813,59.23731296431511,0.059083333333333335,709,3980,3,28.175788892178144,0.05,0.06,5620,0.27258333333333334,3271,0.008613815008308818,79.57759640782987,0.020965755989428105,4200,26.274359084267193,0.008050728975446028,3263.600000000191,709,8390305.222197236,1.4302221054191238,0.012787217121128208,2,anytime_random_audit,3980,2067459.3456986428,172.28827880822024,['traffic_epoch_change_point'],[4200],2400,1,12000,76.11754826186846,20269912,60.0,0,0.17472226960248172,1.6049443750216055,7476894.643054815
0.30483333333333335,False,True,True,True,True,True,True,1674459.9841353574,139.53833201127978,0.14216666666666666,1706,8342,378,484.511236588245,0.05,0.06,3658,0.553,6636,0.07301254318689648,inf,0.06089953213826994,,474.20825765953003,0.07105733901634217,6673.600000000969,1706,8788079.561667828,1.365486044566784,0.18472404184083974,4,importance_weighted_nominal,8342,0.0,0.0,[],[],0,0,12000,223.41043779051583,20269912,60.0,0,0.5994225518844027,1.9649085964511868,6107154.308181638
0.2738333333333333,False,True,True,True,True,True,True,0.0,0.0,0.0,0,8714,499,643.2919165411562,0.05,0.06,3286,0.7261666666666666,8714,0.07382280428519121,inf,0.009111786215248142,,643.2919165411562,0.07382280428519121,8714.0,0,8885762.357371705,1.350475009051384,0.19752559712027815,0,naive_calibration,8714,0.0,0.0,[],[],0,0,12000,339.49497862692505,20269912,60.0,0,1.1433825087763836,2.4938575178277675,4811822.613848604
0.2856666666666667,False,True,True,True,True,True,True,0.0,0.0,0.0,0,8572,492,632.036345419852,0.05,0.06,3428,0.7143333333333334,8572,0.07373265812177461,inf,-0.005379163238342882,,632.036345419852,0.07373265812177461,8572.0,0,8880972.201523112,1.3512034186912516,0.17293343096745048,0,split_conformal,8572,0.0,0.0,[],[],0,0,12000,333.9910580589266,20269912,60.0,0,1.1113051425051286,2.46250856119638,4873079.504815993
0.6736666666666666,False,False,False,False,False,False,False,688511.3614297088,57.37594678580906,0.05725,687,3916,2,26.20304794307972,0.05,0.06,5684,0.26908333333333334,3229,0.008114911100365352,98.81460529941052,0.026740034846044,4200,26.323983662642316,0.008197757686614278,3211.1200000001804,687,8431235.623430824,1.4232789280199218,0.013898828239975958,2,anytime_random_audit,3916,2091903.670045437,174.32530583711974,['traffic_epoch_change_point'],[4200],2400,1,12000,74.48694360213766,20270921,60.0,0,0.16878362120858958,1.5920625492285114,7537392.300205172
0.49141666666666667,False,True,True,True,True,False,True,1179889.6806629451,98.32414005524542,0.1,1200,6103,241,311.42556997983814,0.05,0.06,5897,0.40858333333333335,4903,0.0635173505975603,inf,0.06005017254151285,,314.3744182690195,0.0643893204712812,4882.400000000562,1200,8630998.614807514,1.3903373798962915,0.19927986968484476,3,importance_weighted_nominal,6103,0.0,0.0,[],[],0,0,12000,166.74414755872877,20270921,60.0,0,0.41959857735603934,1.8099359572523308,6630068.844102769
0.30333333333333334,False,True,True,True,True,True,True,0.0,0.0,0.0,0,8360,557,698.1258145906068,0.05,0.06,3640,0.6966666666666667,8360,0.08350787255868501,inf,0.009111786215248142,,698.1258145906068,0.08350787255868501,8360.0,0,8903558.53264801,1.3477757186632517,0.2177668539263163,0,naive_calibration,8360,0.0,0.0,[],[],0,0,12000,325.8457180814703,20270921,60.0,0,1.055391696521607,2.4031674151848588,4993409.915670367
0.315,False,True,True,True,True,True,True,0.0,0.0,0.0,0,8220,475,611.3803247662561,0.05,0.06,3780,0.685,8220,0.07437716846304819,inf,-0.005379163238342882,,611.3803247662561,0.07437716846304819,8220.0,0,8892916.752588917,1.3493885452718923,0.20192357521692586,0,split_conformal,8220,0.0,0.0,[],[],0,0,12000,320.4136405405032,20270921,60.0,0,1.0278126376353494,2.3772011829072417,5047953.066102878
0.6839166666666666,False,False,False,False,False,False,False,694060.2041037711,57.83835034198093,0.056666666666666664,680,3793,1,32.654101455760575,0.05,0.06,5807,0.2594166666666667,3113,0.010489592501047406,121.57148450379343,0.03429589184032972,4200,33.75688645592253,0.010853396968716697,3110.2600000001603,680,8442231.211287396,1.4214251777368774,0.018929249914551773,2,anytime_random_audit,3793,2066543.195913755,172.21193299281293,['traffic_epoch_change_point'],[4200],2400,1,12000,71.87880760013708,20271930,60.0,0,0.16175396184624358,1.583179139583121,7579685.520085751
0.3894166666666667,False,True,True,True,True,False,True,1478032.165243404,123.169347103617,0.12458333333333334,1495,7327,311,396.6240781607809,0.05,0.06,4673,0.486,5832,0.06800824385472924,inf,0.060100498896137874,,393.6334474186988,0.06715460751648801,5861.600000000784,1495,8780323.890399417,1.3666921801280068,0.19187115909223199,3,importance_weighted_nominal,7327,0.0,0.0,[],[],0,0,12000,197.4254076622072,20271930,60.0,0,0.5050267555214663,1.871718935649473,6411218.998452931
0.31033333333333335,False,True,True,True,True,True,True,0.0,0.0,0.0,0,8276,513,650.657162663102,0.05,0.06,3724,0.6896666666666667,8276,0.07861976349239995,inf,0.009111786215248142,,650.657162663102,0.07861976349239995,8276.0,0,8933604.872362804,1.3432427526679027,0.2105553970219965,0,naive_calibration,8276,0.0,0.0,[],[],0,0,12000,323.5034066863364,20271930,60.0,0,1.0322591747951329,2.3755019274630356,5051563.992126767
0.32975,False,True,True,True,True,True,True,0.0,0.0,0.0,0,8043,473,598.5541987173386,0.05,0.06,3957,0.67025,8043,0.07441927125666277,inf,-0.005379163238342882,,598.5541987173386,0.07441927125666277,8043.0,0,8896328.457360312,1.348871060406036,0.1740673796928849,0,split_conformal,8043,0.0,0.0,[],[],0,0,12000,313.81167367401594,20271930,60.0,0,0.9900419700202958,2.338913030426332,5130588.373272121
0.6718333333333333,False,False,False,False,False,False,False,687043.1277722756,57.253593981022966,0.05725,687,3938,4,25.866292339856432,0.05,0.06,5662,0.27091666666666664,3251,0.00795641105501582,108.26329346764014,0.029259388435266955,4200,26.91770583484942,0.008335822887329177,3229.160000000184,687,8429327.510262746,1.4236011099805936,0.013249579677921381,2,anytime_random_audit,3938,2086993.916132343,173.91615967769525,['traffic_epoch_change_point'],[4200],2400,1,12000,75.31190415072417,20272939,60.0,0,0.17095938484160933,1.594560494822203,7525584.660454056
0.38383333333333336,False,True,True,True,True,True,True,1481662.1650976685,123.47184709147238,0.126,1512,7394,345,440.3503681560523,0.05,0.06,4606,0.49016666666666664,5882,0.07486405442979467,inf,0.06006632868665113,,429.17611937978154,0.0725547943230531,5915.2000000007965,1512,8746038.680275986,1.3720497288746651,0.19198807221744654,4,importance_weighted_nominal,7394,0.0,0.0,[],[],0,0,12000,198.17151323109655,20272939,60.0,0,0.5123781457834737,1.8844278746581389,6367980.521502827
0.30575,False,True,True,True,True,True,True,0.0,0.0,0.0,0,8331,557,697.7714737468987,0.05,0.06,3669,0.69425,8331,0.08375602853761838,inf,0.009111786215248142,,697.7714737468987,0.08375602853761838,8331.0,0,8893191.302045075,1.3493468871225658,0.2010925197523889,0,naive_calibration,8331,0.0,0.0,[],[],0,0,12000,324.4440335824727,20272939,60.0,0,1.0507189231353706,2.4000658102579364,4999862.899055403
0.3234166666666667,False,True,True,True,True,True,True,0.0,0.0,0.0,0,8119,510,635.2155702998831,0.05,0.06,3881,0.6765833333333333,8119,0.07823815375044749,inf,-0.005379163238342882,,635.2155702998831,0.07823815375044749,8119.0,0,8874382.501475109,1.3522067589497464,0.2114224146475024,0,split_conformal,8119,0.0,0.0,[],[],0,0,12000,315.96582199215027,20272939,60.0,0,1.00870009987081,2.3609068588205564,5082792.6375693055
0.6768333333333333,False,False,False,False,False,False,False,700617.7602641953,58.38481335534961,0.057833333333333334,694,3878,0,25.05553802171956,0.05,0.06,5722,0.2653333333333333,3184,0.007869201639987299,90.44576043684302,0.024610059830910812,4200,24.63902347950622,0.007748218052901569,3179.960000000174,694,8417709.07839521,1.42556601662548,0.011635917547359981,2,anytime_random_audit,3878,2082905.7281336472,173.5754773444706,['traffic_epoch_change_point'],[4200],2400,1,12000,72.9803221982317,20273948,60.0,0,0.16553543832551076,1.5911014549509908,7541945.21201643
0.48783333333333334,False,True,True,True,True,False,True,1248663.7444298717,104.05531203582264,0.10608333333333334,1273,6146,244,314.59365614004867,0.05,0.06,5854,0.40608333333333335,4873,0.06455851757439948,inf,0.060023972722104316,,317.2863894088548,0.06453107496925196,4916.8000000005695,1273,8626060.719550135,1.3911332635073108,0.17167173415973452,3,importance_weighted_nominal,6146,0.0,0.0,[],[],0,0,12000,164.35983815062605,20273948,60.0,0,0.4123629956728101,1.803496259180121,6653742.661742622
0.2980833333333333,False,True,True,True,True,True,True,0.0,0.0,0.0,0,8423,514,662.4637072218867,0.05,0.06,3577,0.7019166666666666,8423,0.07864937756403736,inf,0.009111786215248142,,662.4637072218867,0.07864937756403736,8423.0,0,8905215.655487722,1.3475249184566527,0.18964698548924294,0,naive_calibration,8423,0.0,0.0,[],[],0,0,12000,328.555001108239,20273948,60.0,0,1.0705839885715644,2.418108907028217,4962555.642188854
0.31216666666666665,False,True,True,True,True,True,True,0.0,0.0,0.0,0,8254,462,595.5882964800787,0.05,0.06,3746,0.6878333333333333,8254,0.07215753531379679,inf,-0.005379163238342882,,595.5882964800787,0.07215753531379679,8254.0,0,8888403.8354832,1.350073671506133,0.16202983670493293,0,split_conformal,8254,0.0,0.0,[],[],0,0,12000,321.7671244526653,20273948,60.0,0,1.0369417560776757,2.3870154275838087,5027198.342051217
0.6820833333333334,False,False,False,False,False,False,False,687334.0447458605,57.277837062155044,0.05658333333333333,679,3815,0,30.831529892656032,0.05,0.06,5785,0.2613333333333333,3136,0.009831482746382663,103.25314518633019,0.028740830070075756,4200,30.524214167409962,0.009757444671997047,3128.300000000164,679,8484166.677556181,1.414399369562661,0.015639681296527624,2,anytime_random_audit,3815,2103043.9754617685,175.25366462181404,['traffic_epoch_change_point'],[4200],2400,1,12000,71.57357618205303,20274957,60.0,0,0.15931255675838107,1.5737119263210422,7625283.763371545
0.45866666666666667,False,True,True,True,True,True,True,1268714.0125255324,105.72616771046103,0.10725,1287,6496,319,415.7273461969897,0.05,0.06,5504,0.4340833333333333,5209,0.07980943486215966,inf,0.060087351634949465,,401.5888811431314,0.07727618556478649,5196.800000000633,1287,8735897.175142977,1.3736425417351137,0.20985159291188993,3,importance_weighted_nominal,6496,0.0,0.0,[],[],0,0,12000,177.51068108179933,20274957,60.0,0,0.44295140759518237,1.816593949330296,6605769.0021613855
0.3405,False,True,True,True,True,True,True,0.0,0.0,0.0,0,7914,565,720.1770268458723,0.05,0.06,4086,0.6595,7914,0.09100038246725706,inf,0.009111786215248142,,720.1770268458723,0.09100038246725706,7914.0,0,8929448.754692547,1.3438679508288613,0.23136582241203066,0,naive_calibration,7914,0.0,0.0,[],[],0,0,12000,309.03044774633986,20274957,60.0,0,0.9545056093361453,2.2983735601650066,5221083.3817364685
0.365,False,True,True,True,True,True,True,0.0,0.0,0.0,0,7620,479,602.8268725754438,0.05,0.06,4380,0.635,7620,0.07911113813326033,inf,-0.005379163238342882,,602.8268725754438,0.07911113813326033,7620.0,0,8884740.253809506,1.3506303681590202,0.1955588205109631,0,split_conformal,7620,0.0,0.0,[],[],0,0,12000,296.80816999393704,20274957,60.0,0,0.9037195914758149,2.254349959634835,5323042.213882262
0.6705833333333333,False,False,False,False,False,False,False,688990.9991521804,57.41591659601503,0.05675,681,3953,0,24.38217463141868,0.05,0.06,5647,0.27266666666666667,3272,0.007451764862903019,101.08097821576372,0.027126594240158907,4200,25.036751226547647,0.007723911825703913,3241.4600000001865,681,8432794.633683119,1.4230157997763149,0.01156667899506912,2,anytime_random_audit,3953,2063533.449074534,171.96112075621116,['traffic_epoch_change_point'],[4200],2400,1,12000,77.35565798943118,20275966,60.0,0,0.17601907867119326,1.5990348784475081,7504526.737809945
0.361,False,True,True,True,True,False,True,1475578.5069573729,122.96487557978108,0.125,1500,7668,301,399.9880033876154,0.05,0.06,4332,0.514,6168,0.06484889808489225,inf,0.060385694143493505,,399.7455146132125,0.06516456615368371,6134.400000000846,1500,8785998.95675305,1.365809404151661,0.184770024415173,3,importance_weighted_nominal,7668,0.0,0.0,[],[],0,0,12000,209.9710337941788,20275966,60.0,0,0.5491820349442418,1.9149914390959029,6266346.5512229055
0.302,False,True,True,True,True,True,True,0.0,0.0,0.0,0,8376,526,675.2897713987512,0.05,0.06,3624,0.698,8376,0.0806219879893447,inf,0.009111786215248142,,675.2897713987512,0.0806219879893447,8376.0,0,8910417.378271595,1.3467382604615665,0.2395023829636509,0,naive_calibration,8376,0.0,0.0,[],[],0,0,12000,326.7472249814514,20275966,60.0,0,1.0583361201156587,2.4050743805772252,4989450.678494178
0.31758333333333333,False,True,True,True,True,True,True,0.0,0.0,0.0,0,8189,486,619.5249890465875,0.05,0.06,3811,0.6824166666666667,8189,0.07565331408555227,inf,-0.005379163238342882,,619.5249890465875,0.07565331408555227,8189.0,0,8894731.320460625,1.3491132635334695,0.1930341502377698,0,split_conformal,8189,0.0,0.0,[],[],0,0,12000,319.3109638242411,20275966,60.0,0,1.0210231341957845,2.370136397729254,5062999.754569732
0.6730833333333334,False,False,False,False,False,False,False,688244.0323246963,57.35366936039136,0.057166666666666664,686,3923,2,25.984478171965776,0.05,0.06,5677,0.26975,3237,0.00802733338645838,94.18316914868595,0.025382727149904815,4200,25.7297530585369,0.007998406227978665,3216.8600000001816,686,8437292.40762308,1.4222572147858736,0.013624231040461125,2,anytime_random_audit,3923,2067770.038514391,172.31416987619926,['traffic_epoch_change_point'],[4200],2400,1,12000,75.33743791567433,20276975,60.0,0,0.1706822080976984,1.592939422883572,7533243.152634989
0.3754166666666667,False,True,True,True,True,True,True,1570424.5330984758,130.86871109153964,0.13316666666666666,1598,7495,326,416.8784263109597,0.05,0.06,4505,0.49141666666666667,5897,0.07069330614057312,inf,0.06099727714223829,,412.66175481439234,0.06882284102974254,5996.000000000815,1598,8763406.338190144,1.3693305476096742,0.22060662543267215,3,importance_weighted_nominal,7495,0.0,0.0,[],[],0,0,12000,197.11062525555514,20276975,60.0,0,0.506232462668301,1.8755630102779752,6398078.835123482
0.30383333333333334,False,True,True,True,True,True,True,0.0,0.0,0.0,0,8354,546,690.5141775836569,0.05,0.06,3646,0.6961666666666667,8354,0.0826567126626355,inf,0.009111786215248142,,690.5141775836569,0.0826567126626355,8354.0,0,8904714.377232036,1.347600775459135,0.2517274663356567,0,naive_calibration,8354,0.0,0.0,[],[],0,0,12000,325.62213337120517,20276975,60.0,0,1.0537205387336877,2.4013213141928227,4997248.776777574
0.32958333333333334,False,True,True,True,True,True,True,0.0,0.0,0.0,0,8045,488,617.7130972570183,0.05,0.06,3955,0.6704166666666667,8045,0.07678223707358835,inf,-0.005379163238342882,,617.7130972570183,0.07678223707358835,8045.0,0,8882804.147409903,1.350924753136545,0.21345556879062885,0,split_conformal,8045,0.0,0.0,[],[],0,0,12000,313.3168953437385,20276975,60.0,0,0.9914521184187113,2.342376871555256,5123001.4032850405
