family,side_information,beta,normalized_distortion,rate_bits_per_probe_scalar
independent_random,coordinate-only,0.0,0.9477081298828125,0.0
independent_random,coordinate-only,0.1,0.9473048138332179,0.0004270237481768575
independent_random,coordinate-only,0.3,0.9296223708880615,0.0061224680608052496
independent_random,coordinate-only,1.0,0.4845783302376762,0.44080171376660404
independent_random,coordinate-only,3.0,0.153895554025889,1.2426479723271213
independent_random,coordinate-only,10.0,0.003996378819265498,2.2932507210166126
independent_random,coordinate-only,30.0,5.2343954169348436e-08,2.361189356467006
independent_random,coordinate-only,inf,0.0,2.3611917562092177
independent_random,coordinate+route,0.0,0.842376708984375,0.0
independent_random,coordinate+route,0.1,0.8391911998548891,0.000803430451202799
independent_random,coordinate+route,0.3,0.7807614168044956,0.02019214241323583
independent_random,coordinate+route,1.0,0.41394953590249084,0.3369384301193304
independent_random,coordinate+route,3.0,0.13809217659695014,1.0116097492661527
independent_random,coordinate+route,10.0,0.0037058711973380213,1.9598619950391136
independent_random,coordinate+route,30.0,4.847533413543417e-08,2.022855727800648
independent_random,coordinate+route,inf,0.0,2.0228579501834876
independent_random,coordinate+route+prior-logit,0.0,0.41823577880859375,0.0
independent_random,coordinate+route+prior-logit,0.3,0.38762759590182383,0.01040785123724152
independent_random,coordinate+route+prior-logit,1.0,0.23035008504206894,0.1488508758010046
independent_random,coordinate+route+prior-logit,3.0,0.09962172830075687,0.47620713446828955
independent_random,coordinate+route+prior-logit,10.0,0.003102291940897353,1.1880594901299748
independent_random,coordinate+route+prior-logit,30.0,4.053515938201785e-08,1.240788941383826
independent_random,coordinate+route+prior-logit,inf,0.0,1.2407907997442518
exact_shared_basis,coordinate-only,30.0,1.1614335737365708e-22,6.40684798084645e-15
exact_shared_basis,coordinate+route,30.0,1.1614335737365708e-22,6.40684798084645e-15
exact_shared_basis,coordinate+route+prior-logit,30.0,1.1614335737365708e-22,6.40684798084645e-15
shared_basis_sparse_residual,coordinate-only,0.0,0.700103759765625,0.0
shared_basis_sparse_residual,coordinate-only,0.3,0.7000004969485702,5.898061549556555e-05
shared_basis_sparse_residual,coordinate-only,1.0,0.2981603517684103,0.3485051896637869
shared_basis_sparse_residual,coordinate-only,3.0,0.09972104275388487,0.8108153341481048
shared_basis_sparse_residual,coordinate-only,10.0,0.003976791128238238,1.5770539715258929
shared_basis_sparse_residual,coordinate-only,30.0,5.209592424278787e-08,1.644660447561613
shared_basis_sparse_residual,coordinate-only,inf,0.0,1.644662835932733
shared_basis_sparse_residual,coordinate+route,0.0,0.553436279296875,0.0
shared_basis_sparse_residual,coordinate+route,0.1,0.5485405574998641,0.0006558937255187714
shared_basis_sparse_residual,coordinate+route,0.3,0.4202331013329347,0.04223176255582001
shared_basis_sparse_residual,coordinate+route,1.0,0.16600008992948548,0.2485981313211644
shared_basis_sparse_residual,coordinate+route,3.0,0.05686642142160889,0.5174891954765024
shared_basis_sparse_residual,coordinate+route,10.0,0.0014845380783622003,0.9054448295500084
shared_basis_sparse_residual,coordinate+route,30.0,1.9433297096131733e-08,0.9306809715562399
shared_basis_sparse_residual,coordinate+route,inf,0.0,0.9306818624882283
shared_basis_sparse_residual,coordinate+route+prior-logit,0.0,0.26662445068359375,0.0
shared_basis_sparse_residual,coordinate+route+prior-logit,0.1,0.26070106407024835,0.0008125272508730998
shared_basis_sparse_residual,coordinate+route+prior-logit,0.3,0.19894628326325658,0.01802275560277762
shared_basis_sparse_residual,coordinate+route+prior-logit,1.0,0.11368951841677286,0.0876001904175708
shared_basis_sparse_residual,coordinate+route+prior-logit,3.0,0.049366263012232084,0.25604876317077063
shared_basis_sparse_residual,coordinate+route+prior-logit,10.0,0.0013133747585379546,0.5965097472142209
shared_basis_sparse_residual,coordinate+route+prior-logit,30.0,1.7165596278018124e-08,0.6188335615353595
shared_basis_sparse_residual,coordinate+route+prior-logit,inf,0.0,0.6188343485031487
slowly_drifting,coordinate-only,0.0,1.000030517578125,0.0
slowly_drifting,coordinate-only,0.1,0.9994118372057496,0.0003031414868499204
slowly_drifting,coordinate-only,0.3,0.9756315364638832,0.00795831581846959
slowly_drifting,coordinate-only,1.0,0.4528343614537593,0.4888483571258788
slowly_drifting,coordinate-only,3.0,0.15320766312849127,1.2299581546524088
slowly_drifting,coordinate-only,10.0,0.003994310852579133,2.2772595376859552
slowly_drifting,coordinate-only,30.0,5.2311742570635683e-08,2.3451625095119364
slowly_drifting,coordinate-only,inf,0.0,2.345164907777386
slowly_drifting,coordinate+route,0.0,0.9777145385742188,0.0
slowly_drifting,coordinate+route,0.1,0.974579235533658,0.0005890895100292421
slowly_drifting,coordinate+route,0.3,0.8221605272121606,0.055507477091901326
slowly_drifting,coordinate+route,1.0,0.3386360418063617,0.42378624657278896
slowly_drifting,coordinate+route,3.0,0.126055045831996,0.9550389741741387
slowly_drifting,coordinate+route,10.0,0.003407002103986953,1.8236144941465076
slowly_drifting,coordinate+route,30.0,4.4548732435385766e-08,1.8815262453650448
slowly_drifting,coordinate+route,inf,0.0,1.8815282877303057
slowly_drifting,coordinate+route+prior-logit,0.0,0.46808624267578125,0.0
slowly_drifting,coordinate+route+prior-logit,0.1,0.46562480179261134,0.0005415252441948903
slowly_drifting,coordinate+route+prior-logit,0.3,0.3921792863297049,0.024828362177513955
slowly_drifting,coordinate+route+prior-logit,1.0,0.18975648439125165,0.1801057948341893
slowly_drifting,coordinate+route+prior-logit,3.0,0.08828336079299763,0.43651709861103827
slowly_drifting,coordinate+route+prior-logit,10.0,0.00282964823316949,1.0693005150075532
slowly_drifting,coordinate+route+prior-logit,30.0,3.6956443597839754e-08,1.1173942508285684
slowly_drifting,coordinate+route+prior-logit,inf,0.0,1.117395945120471
route_only_adversary,coordinate-only,0.0,1.142578125,0.0
route_only_adversary,coordinate-only,0.1,1.129917206613308,0.0018354975583613853
route_only_adversary,coordinate-only,0.3,0.9189983196440874,0.0758766953254007
route_only_adversary,coordinate-only,1.0,0.39858516310866254,0.5015332359638601
route_only_adversary,coordinate-only,3.0,0.11909487181591114,1.181074797001025
route_only_adversary,coordinate-only,10.0,0.002837175190370379,1.9824104604248816
route_only_adversary,coordinate-only,30.0,3.7107837737876964e-08,2.030637360996906
route_only_adversary,coordinate-only,inf,0.0,2.0306390622295662
route_only_adversary,coordinate+route,0.0,1.142578125,0.0
route_only_adversary,coordinate+route,0.1,1.129917206613308,0.0018354975583613853
route_only_adversary,coordinate+route,0.3,0.9189983196440874,0.0758766953254007
route_only_adversary,coordinate+route,1.0,0.39858516310866254,0.5015332359638601
route_only_adversary,coordinate+route,3.0,0.11909487181591114,1.181074797001025
route_only_adversary,coordinate+route,10.0,0.002837175190370379,1.9824104604248816
route_only_adversary,coordinate+route,30.0,3.7107837737876964e-08,2.030637360996906
route_only_adversary,coordinate+route,inf,0.0,2.0306390622295662
route_only_adversary,coordinate+route+prior-logit,0.0,1.142578125,0.0
route_only_adversary,coordinate+route+prior-logit,0.1,1.129917206613308,0.0018354975583613853
route_only_adversary,coordinate+route+prior-logit,0.3,0.9189983196440874,0.0758766953254007
route_only_adversary,coordinate+route+prior-logit,1.0,0.39858516310866254,0.5015332359638601
route_only_adversary,coordinate+route+prior-logit,3.0,0.11909487181591114,1.181074797001025
route_only_adversary,coordinate+route+prior-logit,10.0,0.002837175190370379,1.9824104604248816
route_only_adversary,coordinate+route+prior-logit,30.0,3.7107837737876964e-08,2.030637360996906
route_only_adversary,coordinate+route+prior-logit,inf,0.0,2.0306390622295662
